Workbook

Sheet Activities
A1: Activities in the Program Assessment and Evaluation
A3: 1. Review the Program Learning Outcomes and the Performance Indicators
A4: 2. Gather all the courses of the program with attainment results of its learning outcomes (CLOs)
A5: 3. Map the CLOs to the specific PIs of the Program Learning Outcomes using the "I", "P", "D" mapping level
A6: 4. Fill in the Mapping sheet
A7: 5. Evaluate the results and fill in the PLO Attainment Evaluation sheet

Sheet CLO_Attainments
A1: Course Learning Outcomes (CLO) Attainment
A2: Batch 2022 to 2025
A3: ID No. | B3: Student Name | C3: CCC100 | F3: CCC101 | I3: CCC102 | L3: CCC121 | O3: CCC151 | R3: CCC181 | U3: CSC109 | X3: CSC112 | AA3: CSC113 | AD3: CSC124 | AG3: CSC130 | AJ3: CSC133 | AM3: CSC142 | AP3: CSC145 | AS3: CSC155 | AV3: CSC161 | AY3: CSC171 | BB3: CSC175 | BE3: CSC181 | BH3: CSC186 | BK3: CSC193 | BN3: Elective 1 (CSC153) | BQ3: Elective 2 (CSC172) | BT3: Elective 3 (CSC173) | BW3: CSC194 | BZ3: CSC197 | CC3: CSC198 | CF3: CSC199
C4: CLO 1 | D4: CLO 2 | E4: CLO 3 | F4: CLO 1 | G4: CLO 2 | H4: CLO 3 | I4: CLO 1 | J4: CLO 2 | K4: CLO 3 | L4: CLO 1 | M4: CLO 2 | N4: CLO 3 | O4: CLO 1 | P4: CLO 2 | Q4: CLO 3 | R4: CLO 1 | S4: CLO 2 | T4: CLO 3 | U4: CLO 1 | V4: CLO 2 | W4: CLO 3 | X4: CLO 1 | Y4: CLO 2 | Z4: CLO 3 | AA4: CLO 1 | AB4: CLO 2 | AC4: CLO 3 | AD4: CLO 1 | AE4: CLO 2 | AF4: CLO 3 | AG4: CLO 1 | AH4: CLO 2 | AI4: CLO 3 | AJ4: CLO 1 | AK4: CLO 2 | AL4: CLO 3 | AM4: CLO 1 | AN4: CLO 2 | AO4: CLO 3 | AP4: CLO 1 | AQ4: CLO 2 | AR4: CLO 3 | AS4: CLO 1 | AT4: CLO 2 | AU4: CLO 3 | AV4: CLO 1 | AW4: CLO 2 | AX4: CLO 3 | AY4: CLO 1 | AZ4: CLO 2 | BA4: CLO 3 | BB4: CLO 1 | BC4: CLO 2 | BD4: CLO 3 | BE4: CLO 1 | BF4: CLO 2 | BG4: CLO 3 | BH4: CLO 1 | BI4: CLO 2 | BJ4: CLO 3 | BK4: CLO 1 | BL4: CLO 2 | BM4: CLO 3 | BN4: CLO 1 | BO4: CLO 2 | BP4: CLO 3 | BQ4: CLO 1 | BR4: CLO 2 | BS4: CLO 3 | BT4: CLO 1 | BU4: CLO 2 | BV4: CLO 3 | BW4: CLO 1 | BX4: CLO 2 | BY4: CLO 3 | BZ4: CLO 1 | CA4: CLO 2 | CB4: CLO 3 | CC4: CLO 1 | CD4: CLO 2 | CE4: CLO 3 | CF4: CLO 1 | CG4: CLO 2 | CH4: CLO 3
A6: {=MAP(SEQUENCE(40,1), LAMBDA(x, "2050-" & TEXT(RANDBETWEEN(0, 9999), "0000")))} -> 2050-4522 | B6: María del Carmen Ibarra | C6: {=INT(RANDARRAY(40, 84) * (100 - 60) + 60)} -> 78 | D6: 69 | E6: 77 | F6: 61 | G6: 63 | H6: 94 | I6: 86 | J6: 67 | K6: 88 | L6: 83 | M6: 80 | N6: 99 | O6: 89 | P6: 70 | Q6: 60 | R6: 81 | S6: 97 | T6: 63 | U6: 99 | V6: 97 | W6: 69 | X6: 74 | Y6: 77 | Z6: 83 | AA6: 61 | AB6: 97 | AC6: 99 | AD6: 92 | AE6: 79 | AF6: 85 | AG6: 95 | AH6: 95 | AI6: 60 | AJ6: 79 | AK6: 70 | AL6: 80 | AM6: 99 | AN6: 65 | AO6: 92 | AP6: 87 | AQ6: 79 | AR6: 71 | AS6: 99 | AT6: 99 | AU6: 80 | AV6: 78 | AW6: 65 | AX6: 62 | AY6: 85 | AZ6: 80 | BA6: 64 | BB6: 65 | BC6: 74 | BD6: 99 | BE6: 86 | BF6: 62 | BG6: 67 | BH6: 80 | BI6: 83 | BJ6: 95 | BK6: 63 | BL6: 64 | BM6: 94 | BN6: 90 | BO6: 87 | BP6: 96 | BQ6: 83 | BR6: 63 | BS6: 84 | BT6: 76 | BU6: 87 | BV6: 90 | BW6: 87 | BX6: 92 | BY6: 68 | BZ6: 84 | CA6: 82 | CB6: 86 | CC6: 87 | CD6: 63 | CE6: 73 | CF6: 85 | CG6: 94 | CH6: 79
A7: 2050-2396 | B7: Federico Solís | C7: 95 | D7: 77 | E7: 61 | F7: 88 | G7: 98 | H7: 97 | I7: 86 | J7: 86 | K7: 96 | L7: 83 | M7: 98 | N7: 71 | O7: 87 | P7: 68 | Q7: 96 | R7: 80 | S7: 63 | T7: 92 | U7: 73 | V7: 77 | W7: 75 | X7: 74 | Y7: 91 | Z7: 83 | AA7: 73 | AB7: 67 | AC7: 64 | AD7: 62 | AE7: 71 | AF7: 80 | AG7: 60 | AH7: 98 | AI7: 63 | AJ7: 71 | AK7: 75 | AL7: 77 | AM7: 75 | AN7: 69 | AO7: 91 | AP7: 65 | AQ7: 86 | AR7: 72 | AS7: 79 | AT7: 93 | AU7: 98 | AV7: 77 | AW7: 66 | AX7: 82 | AY7: 97 | AZ7: 74 | BA7: 67 | BB7: 65 | BC7: 65 | BD7: 74 | BE7: 71 | BF7: 66 | BG7: 61 | BH7: 89 | BI7: 62 | BJ7: 86 | BK7: 79 | BL7: 91 | BM7: 84 | BN7: 70 | BO7: 75 | BP7: 97 | BQ7: 87 | BR7: 69 | BS7: 91 | BT7: 92 | BU7: 91 | BV7: 63 | BW7: 63 | BX7: 90 | BY7: 98 | BZ7: 62 | CA7: 81 | CB7: 69 | CC7: 95 | CD7: 75 | CE7: 85 | CF7: 83 | CG7: 95 | CH7: 93
A8: 2050-9118 | B8: José Manuel Campos | C8: 92 | D8: 83 | E8: 63 | F8: 68 | G8: 82 | H8: 89 | I8: 85 | J8: 84 | K8: 86 | L8: 80 | M8: 64 | N8: 91 | O8: 72 | P8: 88 | Q8: 85 | R8: 98 | S8: 62 | T8: 62 | U8: 60 | V8: 84 | W8: 80 | X8: 81 | Y8: 60 | Z8: 76 | AA8: 68 | AB8: 77 | AC8: 95 | AD8: 96 | AE8: 78 | AF8: 72 | AG8: 88 | AH8: 83 | AI8: 81 | AJ8: 74 | AK8: 64 | AL8: 86 | AM8: 84 | AN8: 63 | AO8: 62 | AP8: 65 | AQ8: 84 | AR8: 75 | AS8: 77 | AT8: 90 | AU8: 63 | AV8: 80 | AW8: 85 | AX8: 78 | AY8: 71 | AZ8: 77 | BA8: 90 | BB8: 71 | BC8: 81 | BD8: 91 | BE8: 82 | BF8: 65 | BG8: 76 | BH8: 84 | BI8: 65 | BJ8: 90 | BK8: 78 | BL8: 94 | BM8: 96 | BN8: 64 | BO8: 92 | BP8: 67 | BQ8: 62 | BR8: 98 | BS8: 60 | BT8: 61 | BU8: 73 | BV8: 68 | BW8: 87 | BX8: 95 | BY8: 81 | BZ8: 86 | CA8: 65 | CB8: 76 | CC8: 92 | CD8: 92 | CE8: 82 | CF8: 74 | CG8: 68 | CH8: 69
A9: 2050-3425 | B9: Gabriel Cervantes | C9: 62 | D9: 87 | E9: 74 | F9: 70 | G9: 73 | H9: 63 | I9: 88 | J9: 67 | K9: 89 | L9: 74 | M9: 83 | N9: 90 | O9: 61 | P9: 74 | Q9: 91 | R9: 61 | S9: 69 | T9: 76 | U9: 80 | V9: 83 | W9: 80 | X9: 60 | Y9: 61 | Z9: 94 | AA9: 68 | AB9: 88 | AC9: 76 | AD9: 60 | AE9: 60 | AF9: 91 | AG9: 74 | AH9: 86 | AI9: 81 | AJ9: 70 | AK9: 77 | AL9: 67 | AM9: 72 | AN9: 66 | AO9: 72 | AP9: 77 | AQ9: 65 | AR9: 75 | AS9: 84 | AT9: 91 | AU9: 67 | AV9: 64 | AW9: 60 | AX9: 74 | AY9: 80 | AZ9: 98 | BA9: 90 | BB9: 84 | BC9: 63 | BD9: 97 | BE9: 71 | BF9: 83 | BG9: 74 | BH9: 69 | BI9: 81 | BJ9: 86 | BK9: 66 | BL9: 93 | BM9: 72 | BN9: 85 | BO9: 72 | BP9: 77 | BQ9: 72 | BR9: 61 | BS9: 79 | BT9: 82 | BU9: 88 | BV9: 69 | BW9: 92 | BX9: 91 | BY9: 95 | BZ9: 89 | CA9: 90 | CB9: 95 | CC9: 64 | CD9: 70 | CE9: 85 | CF9: 64 | CG9: 63 | CH9: 82
A10: 2050-6286 | B10: Mayra Muñoz | C10: 97 | D10: 74 | E10: 80 | F10: 61 | G10: 78 | H10: 87 | I10: 91 | J10: 64 | K10: 82 | L10: 83 | M10: 91 | N10: 97 | O10: 81 | P10: 75 | Q10: 99 | R10: 92 | S10: 88 | T10: 64 | U10: 86 | V10: 83 | W10: 79 | X10: 93 | Y10: 96 | Z10: 64 | AA10: 99 | AB10: 89 | AC10: 74 | AD10: 83 | AE10: 80 | AF10: 96 | AG10: 66 | AH10: 63 | AI10: 88 | AJ10: 82 | AK10: 69 | AL10: 90 | AM10: 93 | AN10: 79 | AO10: 85 | AP10: 90 | AQ10: 79 | AR10: 72 | AS10: 99 | AT10: 76 | AU10: 62 | AV10: 60 | AW10: 78 | AX10: 74 | AY10: 84 | AZ10: 91 | BA10: 99 | BB10: 92 | BC10: 85 | BD10: 85 | BE10: 74 | BF10: 72 | BG10: 69 | BH10: 69 | BI10: 73 | BJ10: 80 | BK10: 88 | BL10: 62 | BM10: 69 | BN10: 62 | BO10: 96 | BP10: 65 | BQ10: 65 | BR10: 77 | BS10: 68 | BT10: 89 | BU10: 84 | BV10: 85 | BW10: 63 | BX10: 93 | BY10: 79 | BZ10: 72 | CA10: 84 | CB10: 90 | CC10: 75 | CD10: 91 | CE10: 63 | CF10: 92 | CG10: 95 | CH10: 93
A11: 2050-7002 | B11: Irene Mejía | C11: 60 | D11: 84 | E11: 71 | F11: 97 | G11: 93 | H11: 75 | I11: 79 | J11: 84 | K11: 73 | L11: 80 | M11: 84 | N11: 80 | O11: 96 | P11: 93 | Q11: 96 | R11: 86 | S11: 95 | T11: 78 | U11: 99 | V11: 67 | W11: 91 | X11: 69 | Y11: 84 | Z11: 66 | AA11: 76 | AB11: 89 | AC11: 60 | AD11: 62 | AE11: 93 | AF11: 65 | AG11: 84 | AH11: 90 | AI11: 79 | AJ11: 78 | AK11: 69 | AL11: 62 | AM11: 94 | AN11: 60 | AO11: 67 | AP11: 70 | AQ11: 63 | AR11: 63 | AS11: 61 | AT11: 95 | AU11: 70 | AV11: 83 | AW11: 79 | AX11: 65 | AY11: 63 | AZ11: 64 | BA11: 88 | BB11: 74 | BC11: 88 | BD11: 85 | BE11: 60 | BF11: 85 | BG11: 90 | BH11: 96 | BI11: 75 | BJ11: 60 | BK11: 71 | BL11: 69 | BM11: 66 | BN11: 81 | BO11: 66 | BP11: 72 | BQ11: 89 | BR11: 62 | BS11: 78 | BT11: 66 | BU11: 87 | BV11: 70 | BW11: 86 | BX11: 73 | BY11: 87 | BZ11: 82 | CA11: 63 | CB11: 92 | CC11: 81 | CD11: 66 | CE11: 88 | CF11: 70 | CG11: 77 | CH11: 97
A12: 2050-0323 | B12: Jesús León | C12: 83 | D12: 78 | E12: 70 | F12: 90 | G12: 66 | H12: 89 | I12: 91 | J12: 71 | K12: 90 | L12: 99 | M12: 81 | N12: 66 | O12: 78 | P12: 98 | Q12: 67 | R12: 80 | S12: 69 | T12: 95 | U12: 89 | V12: 82 | W12: 74 | X12: 92 | Y12: 63 | Z12: 85 | AA12: 99 | AB12: 64 | AC12: 65 | AD12: 67 | AE12: 70 | AF12: 84 | AG12: 97 | AH12: 61 | AI12: 92 | AJ12: 88 | AK12: 62 | AL12: 81 | AM12: 75 | AN12: 98 | AO12: 74 | AP12: 94 | AQ12: 94 | AR12: 94 | AS12: 96 | AT12: 92 | AU12: 95 | AV12: 83 | AW12: 86 | AX12: 74 | AY12: 98 | AZ12: 76 | BA12: 61 | BB12: 80 | BC12: 96 | BD12: 76 | BE12: 80 | BF12: 93 | BG12: 96 | BH12: 60 | BI12: 91 | BJ12: 92 | BK12: 95 | BL12: 70 | BM12: 87 | BN12: 61 | BO12: 92 | BP12: 91 | BQ12: 78 | BR12: 77 | BS12: 66 | BT12: 84 | BU12: 63 | BV12: 85 | BW12: 61 | BX12: 77 | BY12: 76 | BZ12: 79 | CA12: 87 | CB12: 82 | CC12: 71 | CD12: 75 | CE12: 83 | CF12: 66 | CG12: 72 | CH12: 64
A13: 2050-5644 | B13: Noé Campos | C13: 83 | D13: 66 | E13: 79 | F13: 97 | G13: 83 | H13: 63 | I13: 86 | J13: 95 | K13: 97 | L13: 67 | M13: 94 | N13: 82 | O13: 81 | P13: 66 | Q13: 72 | R13: 84 | S13: 88 | T13: 74 | U13: 61 | V13: 71 | W13: 82 | X13: 64 | Y13: 92 | Z13: 91 | AA13: 97 | AB13: 85 | AC13: 87 | AD13: 94 | AE13: 72 | AF13: 80 | AG13: 72 | AH13: 84 | AI13: 84 | AJ13: 61 | AK13: 86 | AL13: 62 | AM13: 94 | AN13: 69 | AO13: 95 | AP13: 96 | AQ13: 82 | AR13: 98 | AS13: 70 | AT13: 92 | AU13: 75 | AV13: 88 | AW13: 66 | AX13: 97 | AY13: 93 | AZ13: 61 | BA13: 85 | BB13: 75 | BC13: 84 | BD13: 99 | BE13: 85 | BF13: 92 | BG13: 95 | BH13: 67 | BI13: 92 | BJ13: 83 | BK13: 67 | BL13: 77 | BM13: 74 | BN13: 75 | BO13: 87 | BP13: 65 | BQ13: 89 | BR13: 84 | BS13: 82 | BT13: 74 | BU13: 81 | BV13: 91 | BW13: 86 | BX13: 87 | BY13: 93 | BZ13: 67 | CA13: 67 | CB13: 60 | CC13: 69 | CD13: 84 | CE13: 65 | CF13: 77 | CG13: 80 | CH13: 94
A14: 2050-3894 | B14: Daniel Ortiz | C14: 87 | D14: 66 | E14: 84 | F14: 86 | G14: 75 | H14: 98 | I14: 90 | J14: 98 | K14: 88 | L14: 81 | M14: 96 | N14: 64 | O14: 96 | P14: 70 | Q14: 98 | R14: 66 | S14: 82 | T14: 63 | U14: 73 | V14: 86 | W14: 62 | X14: 76 | Y14: 71 | Z14: 99 | AA14: 84 | AB14: 61 | AC14: 88 | AD14: 89 | AE14: 77 | AF14: 78 | AG14: 75 | AH14: 82 | AI14: 69 | AJ14: 65 | AK14: 65 | AL14: 93 | AM14: 91 | AN14: 92 | AO14: 69 | AP14: 81 | AQ14: 91 | AR14: 74 | AS14: 78 | AT14: 97 | AU14: 93 | AV14: 75 | AW14: 82 | AX14: 92 | AY14: 93 | AZ14: 97 | BA14: 62 | BB14: 61 | BC14: 94 | BD14: 77 | BE14: 95 | BF14: 84 | BG14: 85 | BH14: 99 | BI14: 67 | BJ14: 78 | BK14: 85 | BL14: 68 | BM14: 66 | BN14: 65 | BO14: 81 | BP14: 81 | BQ14: 66 | BR14: 61 | BS14: 96 | BT14: 98 | BU14: 94 | BV14: 83 | BW14: 60 | BX14: 93 | BY14: 89 | BZ14: 68 | CA14: 94 | CB14: 89 | CC14: 82 | CD14: 82 | CE14: 69 | CF14: 87 | CG14: 95 | CH14: 72
A15: 2050-0590 | B15: Santiago López | C15: 68 | D15: 66 | E15: 83 | F15: 91 | G15: 79 | H15: 81 | I15: 85 | J15: 64 | K15: 82 | L15: 90 | M15: 81 | N15: 67 | O15: 93 | P15: 62 | Q15: 72 | R15: 68 | S15: 75 | T15: 68 | U15: 63 | V15: 68 | W15: 99 | X15: 66 | Y15: 63 | Z15: 72 | AA15: 93 | AB15: 96 | AC15: 95 | AD15: 67 | AE15: 61 | AF15: 91 | AG15: 68 | AH15: 74 | AI15: 65 | AJ15: 98 | AK15: 80 | AL15: 68 | AM15: 85 | AN15: 65 | AO15: 68 | AP15: 84 | AQ15: 71 | AR15: 93 | AS15: 81 | AT15: 85 | AU15: 90 | AV15: 88 | AW15: 67 | AX15: 93 | AY15: 69 | AZ15: 85 | BA15: 61 | BB15: 74 | BC15: 65 | BD15: 88 | BE15: 65 | BF15: 90 | BG15: 96 | BH15: 69 | BI15: 85 | BJ15: 66 | BK15: 63 | BL15: 74 | BM15: 80 | BN15: 76 | BO15: 90 | BP15: 84 | BQ15: 77 | BR15: 69 | BS15: 67 | BT15: 86 | BU15: 86 | BV15: 73 | BW15: 81 | BX15: 96 | BY15: 78 | BZ15: 74 | CA15: 96 | CB15: 70 | CC15: 99 | CD15: 80 | CE15: 81 | CF15: 80 | CG15: 95 | CH15: 74
A16: 2050-7665 | B16: Catalina Espinoza | C16: 83 | D16: 74 | E16: 86 | F16: 79 | G16: 84 | H16: 86 | I16: 88 | J16: 99 | K16: 61 | L16: 68 | M16: 85 | N16: 72 | O16: 88 | P16: 82 | Q16: 89 | R16: 63 | S16: 75 | T16: 75 | U16: 94 | V16: 60 | W16: 80 | X16: 78 | Y16: 66 | Z16: 62 | AA16: 93 | AB16: 96 | AC16: 71 | AD16: 85 | AE16: 83 | AF16: 69 | AG16: 70 | AH16: 86 | AI16: 78 | AJ16: 63 | AK16: 90 | AL16: 81 | AM16: 70 | AN16: 74 | AO16: 80 | AP16: 85 | AQ16: 89 | AR16: 69 | AS16: 67 | AT16: 94 | AU16: 90 | AV16: 95 | AW16: 79 | AX16: 64 | AY16: 79 | AZ16: 62 | BA16: 82 | BB16: 96 | BC16: 91 | BD16: 83 | BE16: 77 | BF16: 77 | BG16: 60 | BH16: 71 | BI16: 69 | BJ16: 82 | BK16: 67 | BL16: 97 | BM16: 61 | BN16: 84 | BO16: 66 | BP16: 80 | BQ16: 72 | BR16: 92 | BS16: 80 | BT16: 70 | BU16: 62 | BV16: 72 | BW16: 69 | BX16: 93 | BY16: 76 | BZ16: 78 | CA16: 92 | CB16: 63 | CC16: 95 | CD16: 74 | CE16: 92 | CF16: 73 | CG16: 73 | CH16: 76
A17: 2050-8616 | B17: Cristina Medina | C17: 83 | D17: 89 | E17: 85 | F17: 79 | G17: 75 | H17: 84 | I17: 92 | J17: 91 | K17: 64 | L17: 95 | M17: 72 | N17: 95 | O17: 70 | P17: 67 | Q17: 81 | R17: 70 | S17: 72 | T17: 67 | U17: 75 | V17: 80 | W17: 82 | X17: 97 | Y17: 96 | Z17: 63 | AA17: 60 | AB17: 77 | AC17: 90 | AD17: 73 | AE17: 63 | AF17: 75 | AG17: 61 | AH17: 83 | AI17: 70 | AJ17: 93 | AK17: 89 | AL17: 67 | AM17: 99 | AN17: 70 | AO17: 75 | AP17: 81 | AQ17: 97 | AR17: 78 | AS17: 87 | AT17: 88 | AU17: 71 | AV17: 87 | AW17: 97 | AX17: 69 | AY17: 93 | AZ17: 87 | BA17: 95 | BB17: 67 | BC17: 64 | BD17: 99 | BE17: 64 | BF17: 77 | BG17: 66 | BH17: 77 | BI17: 82 | BJ17: 67 | BK17: 61 | BL17: 93 | BM17: 66 | BN17: 74 | BO17: 61 | BP17: 82 | BQ17: 75 | BR17: 77 | BS17: 89 | BT17: 72 | BU17: 88 | BV17: 80 | BW17: 65 | BX17: 69 | BY17: 89 | BZ17: 85 | CA17: 62 | CB17: 66 | CC17: 78 | CD17: 98 | CE17: 60 | CF17: 96 | CG17: 73 | CH17: 74
A18: 2050-9473 | B18: Gregorio Reyes | C18: 66 | D18: 70 | E18: 81 | F18: 71 | G18: 76 | H18: 84 | I18: 77 | J18: 96 | K18: 64 | L18: 94 | M18: 87 | N18: 84 | O18: 95 | P18: 93 | Q18: 78 | R18: 60 | S18: 84 | T18: 86 | U18: 93 | V18: 61 | W18: 72 | X18: 74 | Y18: 89 | Z18: 80 | AA18: 61 | AB18: 68 | AC18: 98 | AD18: 79 | AE18: 62 | AF18: 91 | AG18: 93 | AH18: 90 | AI18: 80 | AJ18: 80 | AK18: 84 | AL18: 67 | AM18: 69 | AN18: 75 | AO18: 82 | AP18: 60 | AQ18: 89 | AR18: 86 | AS18: 67 | AT18: 83 | AU18: 98 | AV18: 87 | AW18: 85 | AX18: 64 | AY18: 63 | AZ18: 64 | BA18: 83 | BB18: 65 | BC18: 90 | BD18: 67 | BE18: 88 | BF18: 87 | BG18: 62 | BH18: 90 | BI18: 86 | BJ18: 93 | BK18: 73 | BL18: 80 | BM18: 68 | BN18: 98 | BO18: 88 | BP18: 89 | BQ18: 87 | BR18: 76 | BS18: 78 | BT18: 77 | BU18: 94 | BV18: 69 | BW18: 78 | BX18: 60 | BY18: 96 | BZ18: 92 | CA18: 95 | CB18: 73 | CC18: 76 | CD18: 98 | CE18: 89 | CF18: 97 | CG18: 60 | CH18: 72
... A45: 2050-0929 | B45: Elizabeth Rangel | C45: 95 | D45: 68 | E45: 75 | F45: 76 | G45: 65 | H45: 61 | I45: 69 | J45: 85 | K45: 70 | L45: 76 | M45: 89 | N45: 65 | O45: 73 | P45: 76 | Q45: 64 | R45: 73 | S45: 96 | T45: 60 | U45: 77 | V45: 77 | W45: 99 | X45: 73 | Y45: 68 | Z45: 95 | AA45: 97 | AB45: 69 | AC45: 66 | AD45: 83 | AE45: 67 | AF45: 61 | AG45: 80 | AH45: 74 | AI45: 89 | AJ45: 89 | AK45: 90 | AL45: 83 | AM45: 62 | AN45: 84 | AO45: 61 | AP45: 67 | AQ45: 62 | AR45: 74 | AS45: 87 | AT45: 86 | AU45: 76 | AV45: 66 | AW45: 80 | AX45: 83 | AY45: 95 | AZ45: 81 | BA45: 66 | BB45: 79 | BC45: 99 | BD45: 79 | BE45: 97 | BF45: 73 | BG45: 63 | BH45: 88 | BI45: 86 | BJ45: 96 | BK45: 65 | BL45: 84 | BM45: 65 | BN45: 76 | BO45: 66 | BP45: 86 | BQ45: 98 | BR45: 97 | BS45: 79 | BT45: 72 | BU45: 94 | BV45: 99 | BW45: 88 | BX45: 66 | BY45: 97 | BZ45: 77 | CA45: 78 | CB45: 65 | CC45: 88 | CD45: 81 | CE45: 82 | CF45: 91 | CG45: 80 | CH45: 96
B47: CLO Average | C47: =AVERAGE(C6:C45) -> 76.075 | D47: =AVERAGE(D6:D45) -> 76.35 | E47: =AVERAGE(E6:E45) -> 79.625 | F47: =AVERAGE(F6:F45) -> 76.275 | G47: =AVERAGE(G6:G45) -> 77.625 | H47: =AVERAGE(H6:H45) -> 80.5 | I47: =AVERAGE(I6:I45) -> 81.225 | J47: =AVERAGE(J6:J45) -> 80 | ... CH47: =AVERAGE(CH6:CH45) -> 78.425
B48: Total Number of Students | C48: =COUNTA(C6:C45) -> 40 | D48: =COUNTA(D6:D45) -> 40 | E48: =COUNTA(E6:E45) -> 40 | F48: =COUNTA(F6:F45) -> 40 | G48: =COUNTA(G6:G45) -> 40 | H48: =COUNTA(H6:H45) -> 40 | I48: =COUNTA(I6:I45) -> 40 | J48: =COUNTA(J6:J45) -> 40 | ... CH48: =COUNTA(CH6:CH45) -> 40
B49: Total Number of GS Students | C49: =COUNTIF(C6:C45, ">=70") -> 22 | D49: =COUNTIF(D6:D45, ">=70") -> 28 | E49: =COUNTIF(E6:E45, ">=70") -> 35 | F49: =COUNTIF(F6:F45, ">=70") -> 28 | G49: =COUNTIF(G6:G45, ">=70") -> 27 | H49: =COUNTIF(H6:H45, ">=70") -> 32 | I49: =COUNTIF(I6:I45, ">=70") -> 31 | J49: =COUNTIF(J6:J45, ">=70") -> 27 | ... CH49: =COUNTIF(CH6:CH45, ">=70") -> 29
B50: CLO Attainment | C50: =COUNTIF(C6:C45, ">=70")/COUNTA(C6:C45) * 100 -> 55 | D50: =COUNTIF(D6:D45, ">=70")/COUNTA(D6:D45) * 100 -> 70 | E50: =COUNTIF(E6:E45, ">=70")/COUNTA(E6:E45) * 100 -> 87.5 | F50: =COUNTIF(F6:F45, ">=70")/COUNTA(F6:F45) * 100 -> 70 | G50: =COUNTIF(G6:G45, ">=70")/COUNTA(G6:G45) * 100 -> 67.5 | H50: =COUNTIF(H6:H45, ">=70")/COUNTA(H6:H45) * 100 -> 80 | I50: =COUNTIF(I6:I45, ">=70")/COUNTA(I6:I45) * 100 -> 77.5 | J50: =COUNTIF(J6:J45, ">=70")/COUNTA(J6:J45) * 100 -> 67.5 | ... CH50: =COUNTIF(CH6:CH45, ">=70")/COUNTA(CH6:CH45) * 100 -> 72.5
B51: Executive Summary Alert | C51: =IF(C50>=70, "✅", "❌") -> ❌ | D51: =IF(D50>=70, "✅", "❌") -> ✅ | E51: =IF(E50>=70, "✅", "❌") -> ✅ | F51: =IF(F50>=70, "✅", "❌") -> ✅ | G51: =IF(G50>=70, "✅", "❌") -> ❌ | H51: =IF(H50>=70, "✅", "❌") -> ✅ | I51: =IF(I50>=70, "✅", "❌") -> ✅ | J51: =IF(J50>=70, "✅", "❌") -> ❌ | ... CH51: =IF(CH50>=70, "✅", "❌") -> ✅
A54: Nota Bene:
A55: 1. Performance Critera is set to:
B56: Benchmark: 70%
B57: Target: 70%
A58: 2. CQI Alert Signs:
B59: ✅ - Target Met
B60: ❌ - Action Required
A61: 3. GS - A student who achieved the benchmark or greater is considered Good Standing (GS)

Sheet Mapping
A1: Mapping of CLO to PLO
A3: Course Code | B3: CLO No. | C3: Program Learning Outcome (PLO)
C4: PLO1 | D4: PLO2 | E4: PLO3 | F4: PLO4 | G4: PLO5 | H4: PLO6 | I4: PLO7 | J4: PLO8 | K4: PLO9 | L4: PLO10 | M4: PLO11
A5: CCC100 | C5: =TEXTJOIN(", ", TRUE, C6:C8) -> I | D5: =TEXTJOIN(", ", TRUE, D6:D8) -> I | E5: =TEXTJOIN(", ", TRUE, E6:E8) -> I | F5: =TEXTJOIN(", ", TRUE, F6:F8) | G5: =TEXTJOIN(", ", TRUE, G6:G8) | H5: =TEXTJOIN(", ", TRUE, H6:H8) | I5: =TEXTJOIN(", ", TRUE, I6:I8) | J5: =TEXTJOIN(", ", TRUE, J6:J8) | ... M5: =TEXTJOIN(", ", TRUE, M6:M8)
B6: CLO1 | C6: I
B7: CLO2 | D7: I
B8: CLO3 | E8: I
A9: CCC101 | C9: =TEXTJOIN(", ", TRUE, C10:C12) -> I | D9: =TEXTJOIN(", ", TRUE, D10:D12) -> I | E9: =TEXTJOIN(", ", TRUE, E10:E12) -> I | F9: =TEXTJOIN(", ", TRUE, F10:F12) | G9: =TEXTJOIN(", ", TRUE, G10:G12) | H9: =TEXTJOIN(", ", TRUE, H10:H12) | I9: =TEXTJOIN(", ", TRUE, I10:I12) | J9: =TEXTJOIN(", ", TRUE, J10:J12) | ... M9: =TEXTJOIN(", ", TRUE, M10:M12)
B10: CLO1 | C10: I
B11: CLO2 | D11: I
B12: CLO3 | E12: I
A13: CCC102 | C13: =TEXTJOIN(", ", TRUE, C14:C16) -> I | D13: =TEXTJOIN(", ", TRUE, D14:D16) -> I | E13: =TEXTJOIN(", ", TRUE, E14:E16) -> I | F13: =TEXTJOIN(", ", TRUE, F14:F16) | G13: =TEXTJOIN(", ", TRUE, G14:G16) | H13: =TEXTJOIN(", ", TRUE, H14:H16) | I13: =TEXTJOIN(", ", TRUE, I14:I16) | J13: =TEXTJOIN(", ", TRUE, J14:J16) | ... M13: =TEXTJOIN(", ", TRUE, M14:M16)
B14: CLO1 | C14: I
B15: CLO2 | D15: I
B16: CLO3 | E16: I
A17: CCC121 | C17: =TEXTJOIN(", ", TRUE, C18:C20) -> P | D17: =TEXTJOIN(", ", TRUE, D18:D20) -> P | E17: =TEXTJOIN(", ", TRUE, E18:E20) -> P | F17: =TEXTJOIN(", ", TRUE, F18:F20) | G17: =TEXTJOIN(", ", TRUE, G18:G20) | H17: =TEXTJOIN(", ", TRUE, H18:H20) | I17: =TEXTJOIN(", ", TRUE, I18:I20) | J17: =TEXTJOIN(", ", TRUE, J18:J20) | ... M17: =TEXTJOIN(", ", TRUE, M18:M20)
B18: CLO1 | C18: P
B19: CLO2 | D19: P
B20: CLO3 | E20: P
A21: CCC151 | C21: =TEXTJOIN(", ", TRUE, C22:C24) -> P | D21: =TEXTJOIN(", ", TRUE, D22:D24) -> P | E21: =TEXTJOIN(", ", TRUE, E22:E24) -> P | F21: =TEXTJOIN(", ", TRUE, F22:F24) | G21: =TEXTJOIN(", ", TRUE, G22:G24) | H21: =TEXTJOIN(", ", TRUE, H22:H24) | I21: =TEXTJOIN(", ", TRUE, I22:I24) | J21: =TEXTJOIN(", ", TRUE, J22:J24) | ... M21: =TEXTJOIN(", ", TRUE, M22:M24)
B22: CLO1 | C22: P
B23: CLO2 | D23: P
B24: CLO3 | E24: P
A25: CCC181 | C25: =TEXTJOIN(", ", TRUE, C26:C28) -> D | D25: =TEXTJOIN(", ", TRUE, D26:D28) -> D | E25: =TEXTJOIN(", ", TRUE, E26:E28) -> D | F25: =TEXTJOIN(", ", TRUE, F26:F28) | G25: =TEXTJOIN(", ", TRUE, G26:G28) | H25: =TEXTJOIN(", ", TRUE, H26:H28) | I25: =TEXTJOIN(", ", TRUE, I26:I28) | J25: =TEXTJOIN(", ", TRUE, J26:J28) | ... M25: =TEXTJOIN(", ", TRUE, M26:M28)
B26: CLO1 | C26: D
B27: CLO2 | D27: D
B28: CLO3 | E28: D
A29: CSC109 | C29: =TEXTJOIN(", ", TRUE, C30:C32) | D29: =TEXTJOIN(", ", TRUE, D30:D32) | E29: =TEXTJOIN(", ", TRUE, E30:E32) | F29: =TEXTJOIN(", ", TRUE, F30:F32) | G29: =TEXTJOIN(", ", TRUE, G30:G32) | H29: =TEXTJOIN(", ", TRUE, H30:H32) | I29: =TEXTJOIN(", ", TRUE, I30:I32) | J29: =TEXTJOIN(", ", TRUE, J30:J32) -> D | ... M29: =TEXTJOIN(", ", TRUE, M30:M32) -> D, D, D
B30: CLO1 | J30: D | M30: D
B31: CLO2 | K31: D | M31: D
B32: CLO3 | L32: D | M32: D
A33: CSC112 | C33: =TEXTJOIN(", ", TRUE, C34:C36) | D33: =TEXTJOIN(", ", TRUE, D34:D36) | E33: =TEXTJOIN(", ", TRUE, E34:E36) | F33: =TEXTJOIN(", ", TRUE, F34:F36) -> I | G33: =TEXTJOIN(", ", TRUE, G34:G36) -> P | H33: =TEXTJOIN(", ", TRUE, H34:H36) -> P | I33: =TEXTJOIN(", ", TRUE, I34:I36) | J33: =TEXTJOIN(", ", TRUE, J34:J36) | ... M33: =TEXTJOIN(", ", TRUE, M34:M36)
B34: CLO1 | F34: I
B35: CLO2 | G35: P
B36: CLO3 | H36: P
A37: CSC113 | C37: =TEXTJOIN(", ", TRUE, C38:C40) | D37: =TEXTJOIN(", ", TRUE, D38:D40) | E37: =TEXTJOIN(", ", TRUE, E38:E40) | F37: =TEXTJOIN(", ", TRUE, F38:F40) -> I | G37: =TEXTJOIN(", ", TRUE, G38:G40) -> P | H37: =TEXTJOIN(", ", TRUE, H38:H40) -> P | I37: =TEXTJOIN(", ", TRUE, I38:I40) | J37: =TEXTJOIN(", ", TRUE, J38:J40) | ... M37: =TEXTJOIN(", ", TRUE, M38:M40) -> I
B38: CLO1 | F38: I | L38: I
B39: CLO2 | G39: P | M39: I
B40: CLO3 | H40: P
A41: CSC124 | C41: =TEXTJOIN(", ", TRUE, C42:C44) -> I | D41: =TEXTJOIN(", ", TRUE, D42:D44) -> I | E41: =TEXTJOIN(", ", TRUE, E42:E44) -> P | F41: =TEXTJOIN(", ", TRUE, F42:F44) -> I | G41: =TEXTJOIN(", ", TRUE, G42:G44) -> I | H41: =TEXTJOIN(", ", TRUE, H42:H44) -> P | I41: =TEXTJOIN(", ", TRUE, I42:I44) | J41: =TEXTJOIN(", ", TRUE, J42:J44) | ... M41: =TEXTJOIN(", ", TRUE, M42:M44)
B42: CLO1 | C42: I | F42: I
B43: CLO2 | D43: I | G43: I
B44: CLO3 | E44: P | H44: P
A45: CSC130 | C45: =TEXTJOIN(", ", TRUE, C46:C48) -> I | D45: =TEXTJOIN(", ", TRUE, D46:D48) -> I | E45: =TEXTJOIN(", ", TRUE, E46:E48) -> P | F45: =TEXTJOIN(", ", TRUE, F46:F48) | G45: =TEXTJOIN(", ", TRUE, G46:G48) | H45: =TEXTJOIN(", ", TRUE, H46:H48) | I45: =TEXTJOIN(", ", TRUE, I46:I48) | J45: =TEXTJOIN(", ", TRUE, J46:J48) | ... M45: =TEXTJOIN(", ", TRUE, M46:M48)
B46: CLO1 | C46: I
B47: CLO2 | D47: I
B48: CLO3 | E48: P
A49: CSC133 | C49: =TEXTJOIN(", ", TRUE, C50:C52) -> I | D49: =TEXTJOIN(", ", TRUE, D50:D52) -> I | E49: =TEXTJOIN(", ", TRUE, E50:E52) -> P | F49: =TEXTJOIN(", ", TRUE, F50:F52) -> I | G49: =TEXTJOIN(", ", TRUE, G50:G52) -> I | H49: =TEXTJOIN(", ", TRUE, H50:H52) -> P | I49: =TEXTJOIN(", ", TRUE, I50:I52) | J49: =TEXTJOIN(", ", TRUE, J50:J52) -> P | ... M49: =TEXTJOIN(", ", TRUE, M50:M52)
B50: CLO1 | C50: I | F50: I
B51: CLO2 | D51: I | G51: I | J51: P
B52: CLO3 | E52: P | H52: P
A53: CSC142 | C53: =TEXTJOIN(", ", TRUE, C54:C56) -> I | D53: =TEXTJOIN(", ", TRUE, D54:D56) -> I | E53: =TEXTJOIN(", ", TRUE, E54:E56) -> I | F53: =TEXTJOIN(", ", TRUE, F54:F56) -> I | G53: =TEXTJOIN(", ", TRUE, G54:G56) -> I | H53: =TEXTJOIN(", ", TRUE, H54:H56) -> I | I53: =TEXTJOIN(", ", TRUE, I54:I56) | J53: =TEXTJOIN(", ", TRUE, J54:J56) | ... M53: =TEXTJOIN(", ", TRUE, M54:M56)
B54: CLO1 | C54: I | F54: I
B55: CLO2 | D55: I | G55: I
B56: CLO3 | E56: I | H56: I
A57: CSC145 | C57: =TEXTJOIN(", ", TRUE, C58:C60) -> I | D57: =TEXTJOIN(", ", TRUE, D58:D60) -> I | E57: =TEXTJOIN(", ", TRUE, E58:E60) -> P | F57: =TEXTJOIN(", ", TRUE, F58:F60) -> I | G57: =TEXTJOIN(", ", TRUE, G58:G60) -> I | H57: =TEXTJOIN(", ", TRUE, H58:H60) -> P | I57: =TEXTJOIN(", ", TRUE, I58:I60) | J57: =TEXTJOIN(", ", TRUE, J58:J60) | ... M57: =TEXTJOIN(", ", TRUE, M58:M60)
B58: CLO1 | C58: I | F58: I
B59: CLO2 | D59: I | G59: I
B60: CLO3 | E60: P | H60: P
A61: CSC155 | C61: =TEXTJOIN(", ", TRUE, C62:C64) -> I | D61: =TEXTJOIN(", ", TRUE, D62:D64) -> P | E61: =TEXTJOIN(", ", TRUE, E62:E64) -> P | F61: =TEXTJOIN(", ", TRUE, F62:F64) -> I | G61: =TEXTJOIN(", ", TRUE, G62:G64) -> P | H61: =TEXTJOIN(", ", TRUE, H62:H64) -> P | I61: =TEXTJOIN(", ", TRUE, I62:I64) -> I | J61: =TEXTJOIN(", ", TRUE, J62:J64) -> P | ... M61: =TEXTJOIN(", ", TRUE, M62:M64)
B62: CLO1 | C62: I | F62: I | I62: I
B63: CLO2 | D63: P | G63: P | J63: P
B64: CLO3 | E64: P | H64: P
A65: CSC161 | C65: =TEXTJOIN(", ", TRUE, C66:C68) | D65: =TEXTJOIN(", ", TRUE, D66:D68) -> I | E65: =TEXTJOIN(", ", TRUE, E66:E68) -> I | F65: =TEXTJOIN(", ", TRUE, F66:F68) -> P | G65: =TEXTJOIN(", ", TRUE, G66:G68) -> P | H65: =TEXTJOIN(", ", TRUE, H66:H68) -> P | I65: =TEXTJOIN(", ", TRUE, I66:I68) | J65: =TEXTJOIN(", ", TRUE, J66:J68) | ... M65: =TEXTJOIN(", ", TRUE, M66:M68)
B66: CLO1 | D66: I
B67: CLO2 | E67: I
B68: CLO3 | F68: P | G68: P | H68: P
A69: CSC171 | C69: =TEXTJOIN(", ", TRUE, C70:C72) -> I | D69: =TEXTJOIN(", ", TRUE, D70:D72) -> P | E69: =TEXTJOIN(", ", TRUE, E70:E72) -> D | F69: =TEXTJOIN(", ", TRUE, F70:F72) -> D | G69: =TEXTJOIN(", ", TRUE, G70:G72) -> D | H69: =TEXTJOIN(", ", TRUE, H70:H72) -> D | I69: =TEXTJOIN(", ", TRUE, I70:I72) | J69: =TEXTJOIN(", ", TRUE, J70:J72) | ... M69: =TEXTJOIN(", ", TRUE, M70:M72)
B70: CLO1 | C70: I
B71: CLO2 | D71: P | F71: D
B72: CLO3 | E72: D | G72: D | H72: D
A73: CSC175 | C73: =TEXTJOIN(", ", TRUE, C74:C76) | D73: =TEXTJOIN(", ", TRUE, D74:D76) | E73: =TEXTJOIN(", ", TRUE, E74:E76) -> D | F73: =TEXTJOIN(", ", TRUE, F74:F76) -> D | G73: =TEXTJOIN(", ", TRUE, G74:G76) -> D | H73: =TEXTJOIN(", ", TRUE, H74:H76) -> D | I73: =TEXTJOIN(", ", TRUE, I74:I76) | J73: =TEXTJOIN(", ", TRUE, J74:J76) | ... M73: =TEXTJOIN(", ", TRUE, M74:M76)
B74: CLO1 | E74: D
B75: CLO2 | F75: D
B76: CLO3 | G76: D | H76: D
A77: CSC181 | C77: =TEXTJOIN(", ", TRUE, C78:C80) | D77: =TEXTJOIN(", ", TRUE, D78:D80) | E77: =TEXTJOIN(", ", TRUE, E78:E80) -> D | F77: =TEXTJOIN(", ", TRUE, F78:F80) | G77: =TEXTJOIN(", ", TRUE, G78:G80) | H77: =TEXTJOIN(", ", TRUE, H78:H80) -> D | I77: =TEXTJOIN(", ", TRUE, I78:I80) -> P, P, P | J77: =TEXTJOIN(", ", TRUE, J78:J80) | ... M77: =TEXTJOIN(", ", TRUE, M78:M80)
B78: CLO1 | E78: D | I78: P
B79: CLO2 | H79: D | I79: P
B80: CLO3 | I80: P | K80: D
A81: CSC186 | C81: =TEXTJOIN(", ", TRUE, C82:C84) | D81: =TEXTJOIN(", ", TRUE, D82:D84) | E81: =TEXTJOIN(", ", TRUE, E82:E84) | F81: =TEXTJOIN(", ", TRUE, F82:F84) -> I | G81: =TEXTJOIN(", ", TRUE, G82:G84) -> P | H81: =TEXTJOIN(", ", TRUE, H82:H84) -> D | I81: =TEXTJOIN(", ", TRUE, I82:I84) -> P, P, P | J81: =TEXTJOIN(", ", TRUE, J82:J84) -> P | ... M81: =TEXTJOIN(", ", TRUE, M82:M84)
B82: CLO1 | F82: I | I82: P
B83: CLO2 | G83: P | I83: P
B84: CLO3 | H84: D | I84: P | J84: P | K84: P
A85: CSC193 | C85: =TEXTJOIN(", ", TRUE, C86:C88) -> I | D85: =TEXTJOIN(", ", TRUE, D86:D88) -> P | E85: =TEXTJOIN(", ", TRUE, E86:E88) -> D | F85: =TEXTJOIN(", ", TRUE, F86:F88) -> I | G85: =TEXTJOIN(", ", TRUE, G86:G88) -> P | H85: =TEXTJOIN(", ", TRUE, H86:H88) | I85: =TEXTJOIN(", ", TRUE, I86:I88) | J85: =TEXTJOIN(", ", TRUE, J86:J88) | ... M85: =TEXTJOIN(", ", TRUE, M86:M88)
B86: CLO1 | C86: I | F86: I
B87: CLO2 | D87: P | G87: P
B88: CLO3 | E88: D
A89: Elective 1 (CSC153) | C89: =TEXTJOIN(", ", TRUE, C90:C92) -> P | D89: =TEXTJOIN(", ", TRUE, D90:D92) -> P | E89: =TEXTJOIN(", ", TRUE, E90:E92) -> D | F89: =TEXTJOIN(", ", TRUE, F90:F92) -> P | G89: =TEXTJOIN(", ", TRUE, G90:G92) -> P | H89: =TEXTJOIN(", ", TRUE, H90:H92) -> D | I89: =TEXTJOIN(", ", TRUE, I90:I92) | J89: =TEXTJOIN(", ", TRUE, J90:J92) | ... M89: =TEXTJOIN(", ", TRUE, M90:M92)
B90: CLO1 | C90: P | F90: P
B91: CLO2 | D91: P | G91: P
B92: CLO3 | E92: D | H92: D
A93: Elective 2 (CSC172) | C93: =TEXTJOIN(", ", TRUE, C94:C96) -> P | D93: =TEXTJOIN(", ", TRUE, D94:D96) -> P | E93: =TEXTJOIN(", ", TRUE, E94:E96) -> D | F93: =TEXTJOIN(", ", TRUE, F94:F96) -> P | G93: =TEXTJOIN(", ", TRUE, G94:G96) -> P | H93: =TEXTJOIN(", ", TRUE, H94:H96) -> D | I93: =TEXTJOIN(", ", TRUE, I94:I96) | J93: =TEXTJOIN(", ", TRUE, J94:J96) | ... M93: =TEXTJOIN(", ", TRUE, M94:M96)
B94: CLO1 | C94: P | F94: P
B95: CLO2 | D95: P | G95: P
B96: CLO3 | E96: D | H96: D
A97: Elective 3 (CSC173) | C97: =TEXTJOIN(", ", TRUE, C98:C100) -> P | D97: =TEXTJOIN(", ", TRUE, D98:D100) -> P | E97: =TEXTJOIN(", ", TRUE, E98:E100) -> D, D | F97: =TEXTJOIN(", ", TRUE, F98:F100) -> P | G97: =TEXTJOIN(", ", TRUE, G98:G100) -> P | H97: =TEXTJOIN(", ", TRUE, H98:H100) -> D | I97: =TEXTJOIN(", ", TRUE, I98:I100) | J97: =TEXTJOIN(", ", TRUE, J98:J100) | ... M97: =TEXTJOIN(", ", TRUE, M98:M100)
B98: CLO1 | C98: P | E98: D | F98: P
B99: CLO2 | D99: P | G99: P
B100: CLO3 | E100: D | H100: D
A101: CSC194 | C101: =TEXTJOIN(", ", TRUE, C102:C104) | D101: =TEXTJOIN(", ", TRUE, D102:D104) | E101: =TEXTJOIN(", ", TRUE, E102:E104) | F101: =TEXTJOIN(", ", TRUE, F102:F104) | G101: =TEXTJOIN(", ", TRUE, G102:G104) | H101: =TEXTJOIN(", ", TRUE, H102:H104) | I101: =TEXTJOIN(", ", TRUE, I102:I104) -> D | J101: =TEXTJOIN(", ", TRUE, J102:J104) -> D | ... M101: =TEXTJOIN(", ", TRUE, M102:M104) -> D
...

Sheet MapWeight
A1: Conversion to Mapping Values ("I" = 1, "P" = 2, "D" = 3)
A3: Course Code | B3: CLO No. | C3: Program Learning Outcome (PLO)
C4: PLO1 | D4: PLO2 | E4: PLO3 | F4: PLO4 | G4: PLO5 | H4: PLO6 | I4: PLO7 | J4: PLO8 | K4: PLO9 | L4: PLO10 | M4: PLO11
A6: All Courses | C6: =C7+C11+C15+C19+C23+C27+C31+C35+C39+C43+C47+C51+C55+C59+C63+C67+C71+C75+C79+C83+C87+C91+C95+C99+C103+C107+C111+C115 -> 48 | D6: =D7+D11+D15+D19+D23+D27+D31+D35+D39+D43+D47+D51+D55+D59+D63+D67+D71+D75+D79+D83+D87+D91+D95+D99+D103+D107+D111+D115 -> 52 | E6: =E7+E11+E15+E19+E23+E27+E31+E35+E39+E43+E47+E51+E55+E59+E63+E67+E71+E75+E79+E83+E87+E91+E95+E99+E103+E107+E111+E115 -> 70 | F6: =F7+F11+F15+F19+F23+F27+F31+F35+F39+F43+F47+F51+F55+F59+F63+F67+F71+F75+F79+F83+F87+F91+F95+F99+F103+F107+F111+F115 -> 47 | G6: =G7+G11+G15+G19+G23+G27+G31+G35+G39+G43+G47+G51+G55+G59+G63+G67+G71+G75+G79+G83+G87+G91+G95+G99+G103+G107+G111+G115 -> 52 | H6: =H7+H11+H15+H19+H23+H27+H31+H35+H39+H43+H47+H51+H55+H59+H63+H67+H71+H75+H79+H83+H87+H91+H95+H99+H103+H107+H111+H115 -> 60 | I6: =I7+I11+I15+I19+I23+I27+I31+I35+I39+I43+I47+I51+I55+I59+I63+I67+I71+I75+I79+I83+I87+I91+I95+I99+I103+I107+I111+I115 -> 40 | J6: =J7+J11+J15+J19+J23+J27+J31+J35+J39+J43+J47+J51+J55+J59+J63+J67+J71+J75+J79+J83+J87+J91+J95+J99+J103+J107+J111+J115 -> 36 | ... M6: =M7+M11+M15+M19+M23+M27+M31+M35+M39+M43+M47+M51+M55+M59+M63+M67+M71+M75+M79+M83+M87+M91+M95+M99+M103+M107+M111+M115 -> 37
A7: CCC100 | C7: =SUM(C8:C10) -> 1 | D7: =SUM(D8:D10) -> 1 | E7: =SUM(E8:E10) -> 1 | F7: =SUM(F8:F10) -> 0 | G7: =SUM(G8:G10) -> 0 | H7: =SUM(H8:H10) -> 0 | I7: =SUM(I8:I10) -> 0 | J7: =SUM(J8:J10) -> 0 | ... M7: =SUM(M8:M10) -> 0
B8: CLO1 | C8: =IFS(Mapping!C6="I", 1, Mapping!C6="P", 2, Mapping!C6="D", 3, TRUE, "") -> 1 | D8: =IFS(Mapping!D6="I", 1, Mapping!D6="P", 2, Mapping!D6="D", 3, TRUE, "") | E8: =IFS(Mapping!E6="I", 1, Mapping!E6="P", 2, Mapping!E6="D", 3, TRUE, "") | F8: =IFS(Mapping!F6="I", 1, Mapping!F6="P", 2, Mapping!F6="D", 3, TRUE, "") | G8: =IFS(Mapping!G6="I", 1, Mapping!G6="P", 2, Mapping!G6="D", 3, TRUE, "") | H8: =IFS(Mapping!H6="I", 1, Mapping!H6="P", 2, Mapping!H6="D", 3, TRUE, "") | I8: =IFS(Mapping!I6="I", 1, Mapping!I6="P", 2, Mapping!I6="D", 3, TRUE, "") | J8: =IFS(Mapping!J6="I", 1, Mapping!J6="P", 2, Mapping!J6="D", 3, TRUE, "") | ... M8: =IFS(Mapping!M6="I", 1, Mapping!M6="P", 2, Mapping!M6="D", 3, TRUE, "")
B9: CLO2 | C9: =IFS(Mapping!C7="I", 1, Mapping!C7="P", 2, Mapping!C7="D", 3, TRUE, "") | D9: =IFS(Mapping!D7="I", 1, Mapping!D7="P", 2, Mapping!D7="D", 3, TRUE, "") -> 1 | E9: =IFS(Mapping!E7="I", 1, Mapping!E7="P", 2, Mapping!E7="D", 3, TRUE, "") | F9: =IFS(Mapping!F7="I", 1, Mapping!F7="P", 2, Mapping!F7="D", 3, TRUE, "") | G9: =IFS(Mapping!G7="I", 1, Mapping!G7="P", 2, Mapping!G7="D", 3, TRUE, "") | H9: =IFS(Mapping!H7="I", 1, Mapping!H7="P", 2, Mapping!H7="D", 3, TRUE, "") | I9: =IFS(Mapping!I7="I", 1, Mapping!I7="P", 2, Mapping!I7="D", 3, TRUE, "") | J9: =IFS(Mapping!J7="I", 1, Mapping!J7="P", 2, Mapping!J7="D", 3, TRUE, "") | ... M9: =IFS(Mapping!M7="I", 1, Mapping!M7="P", 2, Mapping!M7="D", 3, TRUE, "")
B10: CLO3 | C10: =IFS(Mapping!C8="I", 1, Mapping!C8="P", 2, Mapping!C8="D", 3, TRUE, "") | D10: =IFS(Mapping!D8="I", 1, Mapping!D8="P", 2, Mapping!D8="D", 3, TRUE, "") | E10: =IFS(Mapping!E8="I", 1, Mapping!E8="P", 2, Mapping!E8="D", 3, TRUE, "") -> 1 | F10: =IFS(Mapping!F8="I", 1, Mapping!F8="P", 2, Mapping!F8="D", 3, TRUE, "") | G10: =IFS(Mapping!G8="I", 1, Mapping!G8="P", 2, Mapping!G8="D", 3, TRUE, "") | H10: =IFS(Mapping!H8="I", 1, Mapping!H8="P", 2, Mapping!H8="D", 3, TRUE, "") | I10: =IFS(Mapping!I8="I", 1, Mapping!I8="P", 2, Mapping!I8="D", 3, TRUE, "") | J10: =IFS(Mapping!J8="I", 1, Mapping!J8="P", 2, Mapping!J8="D", 3, TRUE, "") | ... M10: =IFS(Mapping!M8="I", 1, Mapping!M8="P", 2, Mapping!M8="D", 3, TRUE, "")
A11: CCC101 | C11: =SUM(C12:C14) -> 1 | D11: =SUM(D12:D14) -> 1 | E11: =SUM(E12:E14) -> 1 | F11: =SUM(F12:F14) -> 0 | G11: =SUM(G12:G14) -> 0 | H11: =SUM(H12:H14) -> 0 | I11: =SUM(I12:I14) -> 0 | J11: =SUM(J12:J14) -> 0 | ... M11: =SUM(M12:M14) -> 0
B12: CLO1 | C12: =IFS(Mapping!C10="I", 1, Mapping!C10="P", 2, Mapping!C10="D", 3, TRUE, "") -> 1 | D12: =IFS(Mapping!D10="I", 1, Mapping!D10="P", 2, Mapping!D10="D", 3, TRUE, "") | E12: =IFS(Mapping!E10="I", 1, Mapping!E10="P", 2, Mapping!E10="D", 3, TRUE, "") | F12: =IFS(Mapping!F10="I", 1, Mapping!F10="P", 2, Mapping!F10="D", 3, TRUE, "") | G12: =IFS(Mapping!G10="I", 1, Mapping!G10="P", 2, Mapping!G10="D", 3, TRUE, "") | H12: =IFS(Mapping!H10="I", 1, Mapping!H10="P", 2, Mapping!H10="D", 3, TRUE, "") | I12: =IFS(Mapping!I10="I", 1, Mapping!I10="P", 2, Mapping!I10="D", 3, TRUE, "") | J12: =IFS(Mapping!J10="I", 1, Mapping!J10="P", 2, Mapping!J10="D", 3, TRUE, "") | ... M12: =IFS(Mapping!M10="I", 1, Mapping!M10="P", 2, Mapping!M10="D", 3, TRUE, "")
B13: CLO2 | C13: =IFS(Mapping!C11="I", 1, Mapping!C11="P", 2, Mapping!C11="D", 3, TRUE, "") | D13: =IFS(Mapping!D11="I", 1, Mapping!D11="P", 2, Mapping!D11="D", 3, TRUE, "") -> 1 | E13: =IFS(Mapping!E11="I", 1, Mapping!E11="P", 2, Mapping!E11="D", 3, TRUE, "") | F13: =IFS(Mapping!F11="I", 1, Mapping!F11="P", 2, Mapping!F11="D", 3, TRUE, "") | G13: =IFS(Mapping!G11="I", 1, Mapping!G11="P", 2, Mapping!G11="D", 3, TRUE, "") | H13: =IFS(Mapping!H11="I", 1, Mapping!H11="P", 2, Mapping!H11="D", 3, TRUE, "") | I13: =IFS(Mapping!I11="I", 1, Mapping!I11="P", 2, Mapping!I11="D", 3, TRUE, "") | J13: =IFS(Mapping!J11="I", 1, Mapping!J11="P", 2, Mapping!J11="D", 3, TRUE, "") | ... M13: =IFS(Mapping!M11="I", 1, Mapping!M11="P", 2, Mapping!M11="D", 3, TRUE, "")
B14: CLO3 | C14: =IFS(Mapping!C12="I", 1, Mapping!C12="P", 2, Mapping!C12="D", 3, TRUE, "") | D14: =IFS(Mapping!D12="I", 1, Mapping!D12="P", 2, Mapping!D12="D", 3, TRUE, "") | E14: =IFS(Mapping!E12="I", 1, Mapping!E12="P", 2, Mapping!E12="D", 3, TRUE, "") -> 1 | F14: =IFS(Mapping!F12="I", 1, Mapping!F12="P", 2, Mapping!F12="D", 3, TRUE, "") | G14: =IFS(Mapping!G12="I", 1, Mapping!G12="P", 2, Mapping!G12="D", 3, TRUE, "") | H14: =IFS(Mapping!H12="I", 1, Mapping!H12="P", 2, Mapping!H12="D", 3, TRUE, "") | I14: =IFS(Mapping!I12="I", 1, Mapping!I12="P", 2, Mapping!I12="D", 3, TRUE, "") | J14: =IFS(Mapping!J12="I", 1, Mapping!J12="P", 2, Mapping!J12="D", 3, TRUE, "") | ... M14: =IFS(Mapping!M12="I", 1, Mapping!M12="P", 2, Mapping!M12="D", 3, TRUE, "")
A15: CCC102 | C15: =SUM(C16:C18) -> 1 | D15: =SUM(D16:D18) -> 1 | E15: =SUM(E16:E18) -> 1 | F15: =SUM(F16:F18) -> 0 | G15: =SUM(G16:G18) -> 0 | H15: =SUM(H16:H18) -> 0 | I15: =SUM(I16:I18) -> 0 | J15: =SUM(J16:J18) -> 0 | ... M15: =SUM(M16:M18) -> 0
B16: CLO1 | C16: =IFS(Mapping!C14="I", 1, Mapping!C14="P", 2, Mapping!C14="D", 3, TRUE, "") -> 1 | D16: =IFS(Mapping!D14="I", 1, Mapping!D14="P", 2, Mapping!D14="D", 3, TRUE, "") | E16: =IFS(Mapping!E14="I", 1, Mapping!E14="P", 2, Mapping!E14="D", 3, TRUE, "") | F16: =IFS(Mapping!F14="I", 1, Mapping!F14="P", 2, Mapping!F14="D", 3, TRUE, "") | G16: =IFS(Mapping!G14="I", 1, Mapping!G14="P", 2, Mapping!G14="D", 3, TRUE, "") | H16: =IFS(Mapping!H14="I", 1, Mapping!H14="P", 2, Mapping!H14="D", 3, TRUE, "") | I16: =IFS(Mapping!I14="I", 1, Mapping!I14="P", 2, Mapping!I14="D", 3, TRUE, "") | J16: =IFS(Mapping!J14="I", 1, Mapping!J14="P", 2, Mapping!J14="D", 3, TRUE, "") | ... M16: =IFS(Mapping!M14="I", 1, Mapping!M14="P", 2, Mapping!M14="D", 3, TRUE, "")
B17: CLO2 | C17: =IFS(Mapping!C15="I", 1, Mapping!C15="P", 2, Mapping!C15="D", 3, TRUE, "") | D17: =IFS(Mapping!D15="I", 1, Mapping!D15="P", 2, Mapping!D15="D", 3, TRUE, "") -> 1 | E17: =IFS(Mapping!E15="I", 1, Mapping!E15="P", 2, Mapping!E15="D", 3, TRUE, "") | F17: =IFS(Mapping!F15="I", 1, Mapping!F15="P", 2, Mapping!F15="D", 3, TRUE, "") | G17: =IFS(Mapping!G15="I", 1, Mapping!G15="P", 2, Mapping!G15="D", 3, TRUE, "") | H17: =IFS(Mapping!H15="I", 1, Mapping!H15="P", 2, Mapping!H15="D", 3, TRUE, "") | I17: =IFS(Mapping!I15="I", 1, Mapping!I15="P", 2, Mapping!I15="D", 3, TRUE, "") | J17: =IFS(Mapping!J15="I", 1, Mapping!J15="P", 2, Mapping!J15="D", 3, TRUE, "") | ... M17: =IFS(Mapping!M15="I", 1, Mapping!M15="P", 2, Mapping!M15="D", 3, TRUE, "")
B18: CLO3 | C18: =IFS(Mapping!C16="I", 1, Mapping!C16="P", 2, Mapping!C16="D", 3, TRUE, "") | D18: =IFS(Mapping!D16="I", 1, Mapping!D16="P", 2, Mapping!D16="D", 3, TRUE, "") | E18: =IFS(Mapping!E16="I", 1, Mapping!E16="P", 2, Mapping!E16="D", 3, TRUE, "") -> 1 | F18: =IFS(Mapping!F16="I", 1, Mapping!F16="P", 2, Mapping!F16="D", 3, TRUE, "") | G18: =IFS(Mapping!G16="I", 1, Mapping!G16="P", 2, Mapping!G16="D", 3, TRUE, "") | H18: =IFS(Mapping!H16="I", 1, Mapping!H16="P", 2, Mapping!H16="D", 3, TRUE, "") | I18: =IFS(Mapping!I16="I", 1, Mapping!I16="P", 2, Mapping!I16="D", 3, TRUE, "") | J18: =IFS(Mapping!J16="I", 1, Mapping!J16="P", 2, Mapping!J16="D", 3, TRUE, "") | ... M18: =IFS(Mapping!M16="I", 1, Mapping!M16="P", 2, Mapping!M16="D", 3, TRUE, "")
A19: CCC121 | C19: =SUM(C20:C22) -> 2 | D19: =SUM(D20:D22) -> 2 | E19: =SUM(E20:E22) -> 2 | F19: =SUM(F20:F22) -> 0 | G19: =SUM(G20:G22) -> 0 | H19: =SUM(H20:H22) -> 0 | I19: =SUM(I20:I22) -> 0 | J19: =SUM(J20:J22) -> 0 | ... M19: =SUM(M20:M22) -> 0
B20: CLO1 | C20: =IFS(Mapping!C18="I", 1, Mapping!C18="P", 2, Mapping!C18="D", 3, TRUE, "") -> 2 | D20: =IFS(Mapping!D18="I", 1, Mapping!D18="P", 2, Mapping!D18="D", 3, TRUE, "") | E20: =IFS(Mapping!E18="I", 1, Mapping!E18="P", 2, Mapping!E18="D", 3, TRUE, "") | F20: =IFS(Mapping!F18="I", 1, Mapping!F18="P", 2, Mapping!F18="D", 3, TRUE, "") | G20: =IFS(Mapping!G18="I", 1, Mapping!G18="P", 2, Mapping!G18="D", 3, TRUE, "") | H20: =IFS(Mapping!H18="I", 1, Mapping!H18="P", 2, Mapping!H18="D", 3, TRUE, "") | I20: =IFS(Mapping!I18="I", 1, Mapping!I18="P", 2, Mapping!I18="D", 3, TRUE, "") | J20: =IFS(Mapping!J18="I", 1, Mapping!J18="P", 2, Mapping!J18="D", 3, TRUE, "") | ... M20: =IFS(Mapping!M18="I", 1, Mapping!M18="P", 2, Mapping!M18="D", 3, TRUE, "")
B21: CLO2 | C21: =IFS(Mapping!C19="I", 1, Mapping!C19="P", 2, Mapping!C19="D", 3, TRUE, "") | D21: =IFS(Mapping!D19="I", 1, Mapping!D19="P", 2, Mapping!D19="D", 3, TRUE, "") -> 2 | E21: =IFS(Mapping!E19="I", 1, Mapping!E19="P", 2, Mapping!E19="D", 3, TRUE, "") | F21: =IFS(Mapping!F19="I", 1, Mapping!F19="P", 2, Mapping!F19="D", 3, TRUE, "") | G21: =IFS(Mapping!G19="I", 1, Mapping!G19="P", 2, Mapping!G19="D", 3, TRUE, "") | H21: =IFS(Mapping!H19="I", 1, Mapping!H19="P", 2, Mapping!H19="D", 3, TRUE, "") | I21: =IFS(Mapping!I19="I", 1, Mapping!I19="P", 2, Mapping!I19="D", 3, TRUE, "") | J21: =IFS(Mapping!J19="I", 1, Mapping!J19="P", 2, Mapping!J19="D", 3, TRUE, "") | ... M21: =IFS(Mapping!M19="I", 1, Mapping!M19="P", 2, Mapping!M19="D", 3, TRUE, "")
B22: CLO3 | C22: =IFS(Mapping!C20="I", 1, Mapping!C20="P", 2, Mapping!C20="D", 3, TRUE, "") | D22: =IFS(Mapping!D20="I", 1, Mapping!D20="P", 2, Mapping!D20="D", 3, TRUE, "") | E22: =IFS(Mapping!E20="I", 1, Mapping!E20="P", 2, Mapping!E20="D", 3, TRUE, "") -> 2 | F22: =IFS(Mapping!F20="I", 1, Mapping!F20="P", 2, Mapping!F20="D", 3, TRUE, "") | G22: =IFS(Mapping!G20="I", 1, Mapping!G20="P", 2, Mapping!G20="D", 3, TRUE, "") | H22: =IFS(Mapping!H20="I", 1, Mapping!H20="P", 2, Mapping!H20="D", 3, TRUE, "") | I22: =IFS(Mapping!I20="I", 1, Mapping!I20="P", 2, Mapping!I20="D", 3, TRUE, "") | J22: =IFS(Mapping!J20="I", 1, Mapping!J20="P", 2, Mapping!J20="D", 3, TRUE, "") | ... M22: =IFS(Mapping!M20="I", 1, Mapping!M20="P", 2, Mapping!M20="D", 3, TRUE, "")
A23: CCC151 | C23: =SUM(C24:C26) -> 2 | D23: =SUM(D24:D26) -> 2 | E23: =SUM(E24:E26) -> 2 | F23: =SUM(F24:F26) -> 0 | G23: =SUM(G24:G26) -> 0 | H23: =SUM(H24:H26) -> 0 | I23: =SUM(I24:I26) -> 0 | J23: =SUM(J24:J26) -> 0 | ... M23: =SUM(M24:M26) -> 0
B24: CLO1 | C24: =IFS(Mapping!C22="I", 1, Mapping!C22="P", 2, Mapping!C22="D", 3, TRUE, "") -> 2 | D24: =IFS(Mapping!D22="I", 1, Mapping!D22="P", 2, Mapping!D22="D", 3, TRUE, "") | E24: =IFS(Mapping!E22="I", 1, Mapping!E22="P", 2, Mapping!E22="D", 3, TRUE, "") | F24: =IFS(Mapping!F22="I", 1, Mapping!F22="P", 2, Mapping!F22="D", 3, TRUE, "") | G24: =IFS(Mapping!G22="I", 1, Mapping!G22="P", 2, Mapping!G22="D", 3, TRUE, "") | H24: =IFS(Mapping!H22="I", 1, Mapping!H22="P", 2, Mapping!H22="D", 3, TRUE, "") | I24: =IFS(Mapping!I22="I", 1, Mapping!I22="P", 2, Mapping!I22="D", 3, TRUE, "") | J24: =IFS(Mapping!J22="I", 1, Mapping!J22="P", 2, Mapping!J22="D", 3, TRUE, "") | ... M24: =IFS(Mapping!M22="I", 1, Mapping!M22="P", 2, Mapping!M22="D", 3, TRUE, "")
B25: CLO2 | C25: =IFS(Mapping!C23="I", 1, Mapping!C23="P", 2, Mapping!C23="D", 3, TRUE, "") | D25: =IFS(Mapping!D23="I", 1, Mapping!D23="P", 2, Mapping!D23="D", 3, TRUE, "") -> 2 | E25: =IFS(Mapping!E23="I", 1, Mapping!E23="P", 2, Mapping!E23="D", 3, TRUE, "") | F25: =IFS(Mapping!F23="I", 1, Mapping!F23="P", 2, Mapping!F23="D", 3, TRUE, "") | G25: =IFS(Mapping!G23="I", 1, Mapping!G23="P", 2, Mapping!G23="D", 3, TRUE, "") | H25: =IFS(Mapping!H23="I", 1, Mapping!H23="P", 2, Mapping!H23="D", 3, TRUE, "") | I25: =IFS(Mapping!I23="I", 1, Mapping!I23="P", 2, Mapping!I23="D", 3, TRUE, "") | J25: =IFS(Mapping!J23="I", 1, Mapping!J23="P", 2, Mapping!J23="D", 3, TRUE, "") | ... M25: =IFS(Mapping!M23="I", 1, Mapping!M23="P", 2, Mapping!M23="D", 3, TRUE, "")
B26: CLO3 | C26: =IFS(Mapping!C24="I", 1, Mapping!C24="P", 2, Mapping!C24="D", 3, TRUE, "") | D26: =IFS(Mapping!D24="I", 1, Mapping!D24="P", 2, Mapping!D24="D", 3, TRUE, "") | E26: =IFS(Mapping!E24="I", 1, Mapping!E24="P", 2, Mapping!E24="D", 3, TRUE, "") -> 2 | F26: =IFS(Mapping!F24="I", 1, Mapping!F24="P", 2, Mapping!F24="D", 3, TRUE, "") | G26: =IFS(Mapping!G24="I", 1, Mapping!G24="P", 2, Mapping!G24="D", 3, TRUE, "") | H26: =IFS(Mapping!H24="I", 1, Mapping!H24="P", 2, Mapping!H24="D", 3, TRUE, "") | I26: =IFS(Mapping!I24="I", 1, Mapping!I24="P", 2, Mapping!I24="D", 3, TRUE, "") | J26: =IFS(Mapping!J24="I", 1, Mapping!J24="P", 2, Mapping!J24="D", 3, TRUE, "") | ... M26: =IFS(Mapping!M24="I", 1, Mapping!M24="P", 2, Mapping!M24="D", 3, TRUE, "")
A27: CCC181 | C27: =SUM(C28:C30) -> 3 | D27: =SUM(D28:D30) -> 3 | E27: =SUM(E28:E30) -> 3 | F27: =SUM(F28:F30) -> 0 | G27: =SUM(G28:G30) -> 0 | H27: =SUM(H28:H30) -> 0 | I27: =SUM(I28:I30) -> 0 | J27: =SUM(J28:J30) -> 0 | ... M27: =SUM(M28:M30) -> 0
B28: CLO1 | C28: =IFS(Mapping!C26="I", 1, Mapping!C26="P", 2, Mapping!C26="D", 3, TRUE, "") -> 3 | D28: =IFS(Mapping!D26="I", 1, Mapping!D26="P", 2, Mapping!D26="D", 3, TRUE, "") | E28: =IFS(Mapping!E26="I", 1, Mapping!E26="P", 2, Mapping!E26="D", 3, TRUE, "") | F28: =IFS(Mapping!F26="I", 1, Mapping!F26="P", 2, Mapping!F26="D", 3, TRUE, "") | G28: =IFS(Mapping!G26="I", 1, Mapping!G26="P", 2, Mapping!G26="D", 3, TRUE, "") | H28: =IFS(Mapping!H26="I", 1, Mapping!H26="P", 2, Mapping!H26="D", 3, TRUE, "") | I28: =IFS(Mapping!I26="I", 1, Mapping!I26="P", 2, Mapping!I26="D", 3, TRUE, "") | J28: =IFS(Mapping!J26="I", 1, Mapping!J26="P", 2, Mapping!J26="D", 3, TRUE, "") | ... M28: =IFS(Mapping!M26="I", 1, Mapping!M26="P", 2, Mapping!M26="D", 3, TRUE, "")
B29: CLO2 | C29: =IFS(Mapping!C27="I", 1, Mapping!C27="P", 2, Mapping!C27="D", 3, TRUE, "") | D29: =IFS(Mapping!D27="I", 1, Mapping!D27="P", 2, Mapping!D27="D", 3, TRUE, "") -> 3 | E29: =IFS(Mapping!E27="I", 1, Mapping!E27="P", 2, Mapping!E27="D", 3, TRUE, "") | F29: =IFS(Mapping!F27="I", 1, Mapping!F27="P", 2, Mapping!F27="D", 3, TRUE, "") | G29: =IFS(Mapping!G27="I", 1, Mapping!G27="P", 2, Mapping!G27="D", 3, TRUE, "") | H29: =IFS(Mapping!H27="I", 1, Mapping!H27="P", 2, Mapping!H27="D", 3, TRUE, "") | I29: =IFS(Mapping!I27="I", 1, Mapping!I27="P", 2, Mapping!I27="D", 3, TRUE, "") | J29: =IFS(Mapping!J27="I", 1, Mapping!J27="P", 2, Mapping!J27="D", 3, TRUE, "") | ... M29: =IFS(Mapping!M27="I", 1, Mapping!M27="P", 2, Mapping!M27="D", 3, TRUE, "")
B30: CLO3 | C30: =IFS(Mapping!C28="I", 1, Mapping!C28="P", 2, Mapping!C28="D", 3, TRUE, "") | D30: =IFS(Mapping!D28="I", 1, Mapping!D28="P", 2, Mapping!D28="D", 3, TRUE, "") | E30: =IFS(Mapping!E28="I", 1, Mapping!E28="P", 2, Mapping!E28="D", 3, TRUE, "") -> 3 | F30: =IFS(Mapping!F28="I", 1, Mapping!F28="P", 2, Mapping!F28="D", 3, TRUE, "") | G30: =IFS(Mapping!G28="I", 1, Mapping!G28="P", 2, Mapping!G28="D", 3, TRUE, "") | H30: =IFS(Mapping!H28="I", 1, Mapping!H28="P", 2, Mapping!H28="D", 3, TRUE, "") | I30: =IFS(Mapping!I28="I", 1, Mapping!I28="P", 2, Mapping!I28="D", 3, TRUE, "") | J30: =IFS(Mapping!J28="I", 1, Mapping!J28="P", 2, Mapping!J28="D", 3, TRUE, "") | ... M30: =IFS(Mapping!M28="I", 1, Mapping!M28="P", 2, Mapping!M28="D", 3, TRUE, "")
A31: CSC109 | C31: =SUM(C32:C34) -> 0 | D31: =SUM(D32:D34) -> 0 | E31: =SUM(E32:E34) -> 0 | F31: =SUM(F32:F34) -> 0 | G31: =SUM(G32:G34) -> 0 | H31: =SUM(H32:H34) -> 0 | I31: =SUM(I32:I34) -> 0 | J31: =SUM(J32:J34) -> 3 | ... M31: =SUM(M32:M34) -> 9
B32: CLO1 | C32: =IFS(Mapping!C30="I", 1, Mapping!C30="P", 2, Mapping!C30="D", 3, TRUE, "") | D32: =IFS(Mapping!D30="I", 1, Mapping!D30="P", 2, Mapping!D30="D", 3, TRUE, "") | E32: =IFS(Mapping!E30="I", 1, Mapping!E30="P", 2, Mapping!E30="D", 3, TRUE, "") | F32: =IFS(Mapping!F30="I", 1, Mapping!F30="P", 2, Mapping!F30="D", 3, TRUE, "") | G32: =IFS(Mapping!G30="I", 1, Mapping!G30="P", 2, Mapping!G30="D", 3, TRUE, "") | H32: =IFS(Mapping!H30="I", 1, Mapping!H30="P", 2, Mapping!H30="D", 3, TRUE, "") | I32: =IFS(Mapping!I30="I", 1, Mapping!I30="P", 2, Mapping!I30="D", 3, TRUE, "") | J32: =IFS(Mapping!J30="I", 1, Mapping!J30="P", 2, Mapping!J30="D", 3, TRUE, "") -> 3 | ... M32: =IFS(Mapping!M30="I", 1, Mapping!M30="P", 2, Mapping!M30="D", 3, TRUE, "") -> 3
B33: CLO2 | C33: =IFS(Mapping!C31="I", 1, Mapping!C31="P", 2, Mapping!C31="D", 3, TRUE, "") | D33: =IFS(Mapping!D31="I", 1, Mapping!D31="P", 2, Mapping!D31="D", 3, TRUE, "") | E33: =IFS(Mapping!E31="I", 1, Mapping!E31="P", 2, Mapping!E31="D", 3, TRUE, "") | F33: =IFS(Mapping!F31="I", 1, Mapping!F31="P", 2, Mapping!F31="D", 3, TRUE, "") | G33: =IFS(Mapping!G31="I", 1, Mapping!G31="P", 2, Mapping!G31="D", 3, TRUE, "") | H33: =IFS(Mapping!H31="I", 1, Mapping!H31="P", 2, Mapping!H31="D", 3, TRUE, "") | I33: =IFS(Mapping!I31="I", 1, Mapping!I31="P", 2, Mapping!I31="D", 3, TRUE, "") | J33: =IFS(Mapping!J31="I", 1, Mapping!J31="P", 2, Mapping!J31="D", 3, TRUE, "") | ... M33: =IFS(Mapping!M31="I", 1, Mapping!M31="P", 2, Mapping!M31="D", 3, TRUE, "") -> 3
B34: CLO3 | C34: =IFS(Mapping!C32="I", 1, Mapping!C32="P", 2, Mapping!C32="D", 3, TRUE, "") | D34: =IFS(Mapping!D32="I", 1, Mapping!D32="P", 2, Mapping!D32="D", 3, TRUE, "") | E34: =IFS(Mapping!E32="I", 1, Mapping!E32="P", 2, Mapping!E32="D", 3, TRUE, "") | F34: =IFS(Mapping!F32="I", 1, Mapping!F32="P", 2, Mapping!F32="D", 3, TRUE, "") | G34: =IFS(Mapping!G32="I", 1, Mapping!G32="P", 2, Mapping!G32="D", 3, TRUE, "") | H34: =IFS(Mapping!H32="I", 1, Mapping!H32="P", 2, Mapping!H32="D", 3, TRUE, "") | I34: =IFS(Mapping!I32="I", 1, Mapping!I32="P", 2, Mapping!I32="D", 3, TRUE, "") | J34: =IFS(Mapping!J32="I", 1, Mapping!J32="P", 2, Mapping!J32="D", 3, TRUE, "") | ... M34: =IFS(Mapping!M32="I", 1, Mapping!M32="P", 2, Mapping!M32="D", 3, TRUE, "") -> 3
A35: CSC112 | C35: =SUM(C36:C38) -> 0 | D35: =SUM(D36:D38) -> 0 | E35: =SUM(E36:E38) -> 0 | F35: =SUM(F36:F38) -> 1 | G35: =SUM(G36:G38) -> 2 | H35: =SUM(H36:H38) -> 2 | I35: =SUM(I36:I38) -> 0 | J35: =SUM(J36:J38) -> 0 | ... M35: =SUM(M36:M38) -> 0
B36: CLO1 | C36: =IFS(Mapping!C34="I", 1, Mapping!C34="P", 2, Mapping!C34="D", 3, TRUE, "") | D36: =IFS(Mapping!D34="I", 1, Mapping!D34="P", 2, Mapping!D34="D", 3, TRUE, "") | E36: =IFS(Mapping!E34="I", 1, Mapping!E34="P", 2, Mapping!E34="D", 3, TRUE, "") | F36: =IFS(Mapping!F34="I", 1, Mapping!F34="P", 2, Mapping!F34="D", 3, TRUE, "") -> 1 | G36: =IFS(Mapping!G34="I", 1, Mapping!G34="P", 2, Mapping!G34="D", 3, TRUE, "") | H36: =IFS(Mapping!H34="I", 1, Mapping!H34="P", 2, Mapping!H34="D", 3, TRUE, "") | I36: =IFS(Mapping!I34="I", 1, Mapping!I34="P", 2, Mapping!I34="D", 3, TRUE, "") | J36: =IFS(Mapping!J34="I", 1, Mapping!J34="P", 2, Mapping!J34="D", 3, TRUE, "") | ... M36: =IFS(Mapping!M34="I", 1, Mapping!M34="P", 2, Mapping!M34="D", 3, TRUE, "")
B37: CLO2 | C37: =IFS(Mapping!C35="I", 1, Mapping!C35="P", 2, Mapping!C35="D", 3, TRUE, "") | D37: =IFS(Mapping!D35="I", 1, Mapping!D35="P", 2, Mapping!D35="D", 3, TRUE, "") | E37: =IFS(Mapping!E35="I", 1, Mapping!E35="P", 2, Mapping!E35="D", 3, TRUE, "") | F37: =IFS(Mapping!F35="I", 1, Mapping!F35="P", 2, Mapping!F35="D", 3, TRUE, "") | G37: =IFS(Mapping!G35="I", 1, Mapping!G35="P", 2, Mapping!G35="D", 3, TRUE, "") -> 2 | H37: =IFS(Mapping!H35="I", 1, Mapping!H35="P", 2, Mapping!H35="D", 3, TRUE, "") | I37: =IFS(Mapping!I35="I", 1, Mapping!I35="P", 2, Mapping!I35="D", 3, TRUE, "") | J37: =IFS(Mapping!J35="I", 1, Mapping!J35="P", 2, Mapping!J35="D", 3, TRUE, "") | ... M37: =IFS(Mapping!M35="I", 1, Mapping!M35="P", 2, Mapping!M35="D", 3, TRUE, "")
B38: CLO3 | C38: =IFS(Mapping!C36="I", 1, Mapping!C36="P", 2, Mapping!C36="D", 3, TRUE, "") | D38: =IFS(Mapping!D36="I", 1, Mapping!D36="P", 2, Mapping!D36="D", 3, TRUE, "") | E38: =IFS(Mapping!E36="I", 1, Mapping!E36="P", 2, Mapping!E36="D", 3, TRUE, "") | F38: =IFS(Mapping!F36="I", 1, Mapping!F36="P", 2, Mapping!F36="D", 3, TRUE, "") | G38: =IFS(Mapping!G36="I", 1, Mapping!G36="P", 2, Mapping!G36="D", 3, TRUE, "") | H38: =IFS(Mapping!H36="I", 1, Mapping!H36="P", 2, Mapping!H36="D", 3, TRUE, "") -> 2 | I38: =IFS(Mapping!I36="I", 1, Mapping!I36="P", 2, Mapping!I36="D", 3, TRUE, "") | J38: =IFS(Mapping!J36="I", 1, Mapping!J36="P", 2, Mapping!J36="D", 3, TRUE, "") | ... M38: =IFS(Mapping!M36="I", 1, Mapping!M36="P", 2, Mapping!M36="D", 3, TRUE, "")
A39: CSC113 | C39: =SUM(C40:C42) -> 0 | D39: =SUM(D40:D42) -> 0 | E39: =SUM(E40:E42) -> 0 | F39: =SUM(F40:F42) -> 1 | G39: =SUM(G40:G42) -> 2 | H39: =SUM(H40:H42) -> 2 | I39: =SUM(I40:I42) -> 0 | J39: =SUM(J40:J42) -> 0 | ... M39: =SUM(M40:M42) -> 1
B40: CLO1 | C40: =IFS(Mapping!C38="I", 1, Mapping!C38="P", 2, Mapping!C38="D", 3, TRUE, "") | D40: =IFS(Mapping!D38="I", 1, Mapping!D38="P", 2, Mapping!D38="D", 3, TRUE, "") | E40: =IFS(Mapping!E38="I", 1, Mapping!E38="P", 2, Mapping!E38="D", 3, TRUE, "") | F40: =IFS(Mapping!F38="I", 1, Mapping!F38="P", 2, Mapping!F38="D", 3, TRUE, "") -> 1 | G40: =IFS(Mapping!G38="I", 1, Mapping!G38="P", 2, Mapping!G38="D", 3, TRUE, "") | H40: =IFS(Mapping!H38="I", 1, Mapping!H38="P", 2, Mapping!H38="D", 3, TRUE, "") | I40: =IFS(Mapping!I38="I", 1, Mapping!I38="P", 2, Mapping!I38="D", 3, TRUE, "") | J40: =IFS(Mapping!J38="I", 1, Mapping!J38="P", 2, Mapping!J38="D", 3, TRUE, "") | ... M40: =IFS(Mapping!M38="I", 1, Mapping!M38="P", 2, Mapping!M38="D", 3, TRUE, "")
B41: CLO2 | C41: =IFS(Mapping!C39="I", 1, Mapping!C39="P", 2, Mapping!C39="D", 3, TRUE, "") | D41: =IFS(Mapping!D39="I", 1, Mapping!D39="P", 2, Mapping!D39="D", 3, TRUE, "") | E41: =IFS(Mapping!E39="I", 1, Mapping!E39="P", 2, Mapping!E39="D", 3, TRUE, "") | F41: =IFS(Mapping!F39="I", 1, Mapping!F39="P", 2, Mapping!F39="D", 3, TRUE, "") | G41: =IFS(Mapping!G39="I", 1, Mapping!G39="P", 2, Mapping!G39="D", 3, TRUE, "") -> 2 | H41: =IFS(Mapping!H39="I", 1, Mapping!H39="P", 2, Mapping!H39="D", 3, TRUE, "") | I41: =IFS(Mapping!I39="I", 1, Mapping!I39="P", 2, Mapping!I39="D", 3, TRUE, "") | J41: =IFS(Mapping!J39="I", 1, Mapping!J39="P", 2, Mapping!J39="D", 3, TRUE, "") | ... M41: =IFS(Mapping!M39="I", 1, Mapping!M39="P", 2, Mapping!M39="D", 3, TRUE, "") -> 1
B42: CLO3 | C42: =IFS(Mapping!C40="I", 1, Mapping!C40="P", 2, Mapping!C40="D", 3, TRUE, "") | D42: =IFS(Mapping!D40="I", 1, Mapping!D40="P", 2, Mapping!D40="D", 3, TRUE, "") | E42: =IFS(Mapping!E40="I", 1, Mapping!E40="P", 2, Mapping!E40="D", 3, TRUE, "") | F42: =IFS(Mapping!F40="I", 1, Mapping!F40="P", 2, Mapping!F40="D", 3, TRUE, "") | G42: =IFS(Mapping!G40="I", 1, Mapping!G40="P", 2, Mapping!G40="D", 3, TRUE, "") | H42: =IFS(Mapping!H40="I", 1, Mapping!H40="P", 2, Mapping!H40="D", 3, TRUE, "") -> 2 | I42: =IFS(Mapping!I40="I", 1, Mapping!I40="P", 2, Mapping!I40="D", 3, TRUE, "") | J42: =IFS(Mapping!J40="I", 1, Mapping!J40="P", 2, Mapping!J40="D", 3, TRUE, "") | ... M42: =IFS(Mapping!M40="I", 1, Mapping!M40="P", 2, Mapping!M40="D", 3, TRUE, "")
A43: CSC124 | C43: =SUM(C44:C46) -> 1 | D43: =SUM(D44:D46) -> 1 | E43: =SUM(E44:E46) -> 2 | F43: =SUM(F44:F46) -> 1 | G43: =SUM(G44:G46) -> 1 | H43: =SUM(H44:H46) -> 2 | I43: =SUM(I44:I46) -> 0 | J43: =SUM(J44:J46) -> 0 | ... M43: =SUM(M44:M46) -> 0
B44: CLO1 | C44: =IFS(Mapping!C42="I", 1, Mapping!C42="P", 2, Mapping!C42="D", 3, TRUE, "") -> 1 | D44: =IFS(Mapping!D42="I", 1, Mapping!D42="P", 2, Mapping!D42="D", 3, TRUE, "") | E44: =IFS(Mapping!E42="I", 1, Mapping!E42="P", 2, Mapping!E42="D", 3, TRUE, "") | F44: =IFS(Mapping!F42="I", 1, Mapping!F42="P", 2, Mapping!F42="D", 3, TRUE, "") -> 1 | G44: =IFS(Mapping!G42="I", 1, Mapping!G42="P", 2, Mapping!G42="D", 3, TRUE, "") | H44: =IFS(Mapping!H42="I", 1, Mapping!H42="P", 2, Mapping!H42="D", 3, TRUE, "") | I44: =IFS(Mapping!I42="I", 1, Mapping!I42="P", 2, Mapping!I42="D", 3, TRUE, "") | J44: =IFS(Mapping!J42="I", 1, Mapping!J42="P", 2, Mapping!J42="D", 3, TRUE, "") | ... M44: =IFS(Mapping!M42="I", 1, Mapping!M42="P", 2, Mapping!M42="D", 3, TRUE, "")
B45: CLO2 | C45: =IFS(Mapping!C43="I", 1, Mapping!C43="P", 2, Mapping!C43="D", 3, TRUE, "") | D45: =IFS(Mapping!D43="I", 1, Mapping!D43="P", 2, Mapping!D43="D", 3, TRUE, "") -> 1 | E45: =IFS(Mapping!E43="I", 1, Mapping!E43="P", 2, Mapping!E43="D", 3, TRUE, "") | F45: =IFS(Mapping!F43="I", 1, Mapping!F43="P", 2, Mapping!F43="D", 3, TRUE, "") | G45: =IFS(Mapping!G43="I", 1, Mapping!G43="P", 2, Mapping!G43="D", 3, TRUE, "") -> 1 | H45: =IFS(Mapping!H43="I", 1, Mapping!H43="P", 2, Mapping!H43="D", 3, TRUE, "") | I45: =IFS(Mapping!I43="I", 1, Mapping!I43="P", 2, Mapping!I43="D", 3, TRUE, "") | J45: =IFS(Mapping!J43="I", 1, Mapping!J43="P", 2, Mapping!J43="D", 3, TRUE, "") | ... M45: =IFS(Mapping!M43="I", 1, Mapping!M43="P", 2, Mapping!M43="D", 3, TRUE, "")
B46: CLO3 | C46: =IFS(Mapping!C44="I", 1, Mapping!C44="P", 2, Mapping!C44="D", 3, TRUE, "") | D46: =IFS(Mapping!D44="I", 1, Mapping!D44="P", 2, Mapping!D44="D", 3, TRUE, "") | E46: =IFS(Mapping!E44="I", 1, Mapping!E44="P", 2, Mapping!E44="D", 3, TRUE, "") -> 2 | F46: =IFS(Mapping!F44="I", 1, Mapping!F44="P", 2, Mapping!F44="D", 3, TRUE, "") | G46: =IFS(Mapping!G44="I", 1, Mapping!G44="P", 2, Mapping!G44="D", 3, TRUE, "") | H46: =IFS(Mapping!H44="I", 1, Mapping!H44="P", 2, Mapping!H44="D", 3, TRUE, "") -> 2 | I46: =IFS(Mapping!I44="I", 1, Mapping!I44="P", 2, Mapping!I44="D", 3, TRUE, "") | J46: =IFS(Mapping!J44="I", 1, Mapping!J44="P", 2, Mapping!J44="D", 3, TRUE, "") | ... M46: =IFS(Mapping!M44="I", 1, Mapping!M44="P", 2, Mapping!M44="D", 3, TRUE, "")
A47: CSC130 | C47: =SUM(C48:C50) -> 1 | D47: =SUM(D48:D50) -> 1 | E47: =SUM(E48:E50) -> 2 | F47: =SUM(F48:F50) -> 0 | G47: =SUM(G48:G50) -> 0 | H47: =SUM(H48:H50) -> 0 | I47: =SUM(I48:I50) -> 0 | J47: =SUM(J48:J50) -> 0 | ... M47: =SUM(M48:M50) -> 0
B48: CLO1 | C48: =IFS(Mapping!C46="I", 1, Mapping!C46="P", 2, Mapping!C46="D", 3, TRUE, "") -> 1 | D48: =IFS(Mapping!D46="I", 1, Mapping!D46="P", 2, Mapping!D46="D", 3, TRUE, "") | E48: =IFS(Mapping!E46="I", 1, Mapping!E46="P", 2, Mapping!E46="D", 3, TRUE, "") | F48: =IFS(Mapping!F46="I", 1, Mapping!F46="P", 2, Mapping!F46="D", 3, TRUE, "") | G48: =IFS(Mapping!G46="I", 1, Mapping!G46="P", 2, Mapping!G46="D", 3, TRUE, "") | H48: =IFS(Mapping!H46="I", 1, Mapping!H46="P", 2, Mapping!H46="D", 3, TRUE, "") | I48: =IFS(Mapping!I46="I", 1, Mapping!I46="P", 2, Mapping!I46="D", 3, TRUE, "") | J48: =IFS(Mapping!J46="I", 1, Mapping!J46="P", 2, Mapping!J46="D", 3, TRUE, "") | ... M48: =IFS(Mapping!M46="I", 1, Mapping!M46="P", 2, Mapping!M46="D", 3, TRUE, "")
B49: CLO2 | C49: =IFS(Mapping!C47="I", 1, Mapping!C47="P", 2, Mapping!C47="D", 3, TRUE, "") | D49: =IFS(Mapping!D47="I", 1, Mapping!D47="P", 2, Mapping!D47="D", 3, TRUE, "") -> 1 | E49: =IFS(Mapping!E47="I", 1, Mapping!E47="P", 2, Mapping!E47="D", 3, TRUE, "") | F49: =IFS(Mapping!F47="I", 1, Mapping!F47="P", 2, Mapping!F47="D", 3, TRUE, "") | G49: =IFS(Mapping!G47="I", 1, Mapping!G47="P", 2, Mapping!G47="D", 3, TRUE, "") | H49: =IFS(Mapping!H47="I", 1, Mapping!H47="P", 2, Mapping!H47="D", 3, TRUE, "") | I49: =IFS(Mapping!I47="I", 1, Mapping!I47="P", 2, Mapping!I47="D", 3, TRUE, "") | J49: =IFS(Mapping!J47="I", 1, Mapping!J47="P", 2, Mapping!J47="D", 3, TRUE, "") | ... M49: =IFS(Mapping!M47="I", 1, Mapping!M47="P", 2, Mapping!M47="D", 3, TRUE, "")
B50: CLO3 | C50: =IFS(Mapping!C48="I", 1, Mapping!C48="P", 2, Mapping!C48="D", 3, TRUE, "") | D50: =IFS(Mapping!D48="I", 1, Mapping!D48="P", 2, Mapping!D48="D", 3, TRUE, "") | E50: =IFS(Mapping!E48="I", 1, Mapping!E48="P", 2, Mapping!E48="D", 3, TRUE, "") -> 2 | F50: =IFS(Mapping!F48="I", 1, Mapping!F48="P", 2, Mapping!F48="D", 3, TRUE, "") | G50: =IFS(Mapping!G48="I", 1, Mapping!G48="P", 2, Mapping!G48="D", 3, TRUE, "") | H50: =IFS(Mapping!H48="I", 1, Mapping!H48="P", 2, Mapping!H48="D", 3, TRUE, "") | I50: =IFS(Mapping!I48="I", 1, Mapping!I48="P", 2, Mapping!I48="D", 3, TRUE, "") | J50: =IFS(Mapping!J48="I", 1, Mapping!J48="P", 2, Mapping!J48="D", 3, TRUE, "") | ... M50: =IFS(Mapping!M48="I", 1, Mapping!M48="P", 2, Mapping!M48="D", 3, TRUE, "")
A51: CSC133 | C51: =SUM(C52:C54) -> 1 | D51: =SUM(D52:D54) -> 1 | E51: =SUM(E52:E54) -> 2 | F51: =SUM(F52:F54) -> 1 | G51: =SUM(G52:G54) -> 1 | H51: =SUM(H52:H54) -> 2 | I51: =SUM(I52:I54) -> 0 | J51: =SUM(J52:J54) -> 2 | ... M51: =SUM(M52:M54) -> 0
B52: CLO1 | C52: =IFS(Mapping!C50="I", 1, Mapping!C50="P", 2, Mapping!C50="D", 3, TRUE, "") -> 1 | D52: =IFS(Mapping!D50="I", 1, Mapping!D50="P", 2, Mapping!D50="D", 3, TRUE, "") | E52: =IFS(Mapping!E50="I", 1, Mapping!E50="P", 2, Mapping!E50="D", 3, TRUE, "") | F52: =IFS(Mapping!F50="I", 1, Mapping!F50="P", 2, Mapping!F50="D", 3, TRUE, "") -> 1 | G52: =IFS(Mapping!G50="I", 1, Mapping!G50="P", 2, Mapping!G50="D", 3, TRUE, "") | H52: =IFS(Mapping!H50="I", 1, Mapping!H50="P", 2, Mapping!H50="D", 3, TRUE, "") | I52: =IFS(Mapping!I50="I", 1, Mapping!I50="P", 2, Mapping!I50="D", 3, TRUE, "") | J52: =IFS(Mapping!J50="I", 1, Mapping!J50="P", 2, Mapping!J50="D", 3, TRUE, "") | ... M52: =IFS(Mapping!M50="I", 1, Mapping!M50="P", 2, Mapping!M50="D", 3, TRUE, "")
B53: CLO2 | C53: =IFS(Mapping!C51="I", 1, Mapping!C51="P", 2, Mapping!C51="D", 3, TRUE, "") | D53: =IFS(Mapping!D51="I", 1, Mapping!D51="P", 2, Mapping!D51="D", 3, TRUE, "") -> 1 | E53: =IFS(Mapping!E51="I", 1, Mapping!E51="P", 2, Mapping!E51="D", 3, TRUE, "") | F53: =IFS(Mapping!F51="I", 1, Mapping!F51="P", 2, Mapping!F51="D", 3, TRUE, "") | G53: =IFS(Mapping!G51="I", 1, Mapping!G51="P", 2, Mapping!G51="D", 3, TRUE, "") -> 1 | H53: =IFS(Mapping!H51="I", 1, Mapping!H51="P", 2, Mapping!H51="D", 3, TRUE, "") | I53: =IFS(Mapping!I51="I", 1, Mapping!I51="P", 2, Mapping!I51="D", 3, TRUE, "") | J53: =IFS(Mapping!J51="I", 1, Mapping!J51="P", 2, Mapping!J51="D", 3, TRUE, "") -> 2 | ... M53: =IFS(Mapping!M51="I", 1, Mapping!M51="P", 2, Mapping!M51="D", 3, TRUE, "")
B54: CLO3 | C54: =IFS(Mapping!C52="I", 1, Mapping!C52="P", 2, Mapping!C52="D", 3, TRUE, "") | D54: =IFS(Mapping!D52="I", 1, Mapping!D52="P", 2, Mapping!D52="D", 3, TRUE, "") | E54: =IFS(Mapping!E52="I", 1, Mapping!E52="P", 2, Mapping!E52="D", 3, TRUE, "") -> 2 | F54: =IFS(Mapping!F52="I", 1, Mapping!F52="P", 2, Mapping!F52="D", 3, TRUE, "") | G54: =IFS(Mapping!G52="I", 1, Mapping!G52="P", 2, Mapping!G52="D", 3, TRUE, "") | H54: =IFS(Mapping!H52="I", 1, Mapping!H52="P", 2, Mapping!H52="D", 3, TRUE, "") -> 2 | I54: =IFS(Mapping!I52="I", 1, Mapping!I52="P", 2, Mapping!I52="D", 3, TRUE, "") | J54: =IFS(Mapping!J52="I", 1, Mapping!J52="P", 2, Mapping!J52="D", 3, TRUE, "") | ... M54: =IFS(Mapping!M52="I", 1, Mapping!M52="P", 2, Mapping!M52="D", 3, TRUE, "")
A55: CSC142 | C55: =SUM(C56:C58) -> 1 | D55: =SUM(D56:D58) -> 1 | E55: =SUM(E56:E58) -> 1 | F55: =SUM(F56:F58) -> 1 | G55: =SUM(G56:G58) -> 1 | H55: =SUM(H56:H58) -> 1 | I55: =SUM(I56:I58) -> 0 | J55: =SUM(J56:J58) -> 0 | ... M55: =SUM(M56:M58) -> 0
B56: CLO1 | C56: =IFS(Mapping!C54="I", 1, Mapping!C54="P", 2, Mapping!C54="D", 3, TRUE, "") -> 1 | D56: =IFS(Mapping!D54="I", 1, Mapping!D54="P", 2, Mapping!D54="D", 3, TRUE, "") | E56: =IFS(Mapping!E54="I", 1, Mapping!E54="P", 2, Mapping!E54="D", 3, TRUE, "") | F56: =IFS(Mapping!F54="I", 1, Mapping!F54="P", 2, Mapping!F54="D", 3, TRUE, "") -> 1 | G56: =IFS(Mapping!G54="I", 1, Mapping!G54="P", 2, Mapping!G54="D", 3, TRUE, "") | H56: =IFS(Mapping!H54="I", 1, Mapping!H54="P", 2, Mapping!H54="D", 3, TRUE, "") | I56: =IFS(Mapping!I54="I", 1, Mapping!I54="P", 2, Mapping!I54="D", 3, TRUE, "") | J56: =IFS(Mapping!J54="I", 1, Mapping!J54="P", 2, Mapping!J54="D", 3, TRUE, "") | ... M56: =IFS(Mapping!M54="I", 1, Mapping!M54="P", 2, Mapping!M54="D", 3, TRUE, "")
B57: CLO2 | C57: =IFS(Mapping!C55="I", 1, Mapping!C55="P", 2, Mapping!C55="D", 3, TRUE, "") | D57: =IFS(Mapping!D55="I", 1, Mapping!D55="P", 2, Mapping!D55="D", 3, TRUE, "") -> 1 | E57: =IFS(Mapping!E55="I", 1, Mapping!E55="P", 2, Mapping!E55="D", 3, TRUE, "") | F57: =IFS(Mapping!F55="I", 1, Mapping!F55="P", 2, Mapping!F55="D", 3, TRUE, "") | G57: =IFS(Mapping!G55="I", 1, Mapping!G55="P", 2, Mapping!G55="D", 3, TRUE, "") -> 1 | H57: =IFS(Mapping!H55="I", 1, Mapping!H55="P", 2, Mapping!H55="D", 3, TRUE, "") | I57: =IFS(Mapping!I55="I", 1, Mapping!I55="P", 2, Mapping!I55="D", 3, TRUE, "") | J57: =IFS(Mapping!J55="I", 1, Mapping!J55="P", 2, Mapping!J55="D", 3, TRUE, "") | ... M57: =IFS(Mapping!M55="I", 1, Mapping!M55="P", 2, Mapping!M55="D", 3, TRUE, "")
B58: CLO3 | C58: =IFS(Mapping!C56="I", 1, Mapping!C56="P", 2, Mapping!C56="D", 3, TRUE, "") | D58: =IFS(Mapping!D56="I", 1, Mapping!D56="P", 2, Mapping!D56="D", 3, TRUE, "") | E58: =IFS(Mapping!E56="I", 1, Mapping!E56="P", 2, Mapping!E56="D", 3, TRUE, "") -> 1 | F58: =IFS(Mapping!F56="I", 1, Mapping!F56="P", 2, Mapping!F56="D", 3, TRUE, "") | G58: =IFS(Mapping!G56="I", 1, Mapping!G56="P", 2, Mapping!G56="D", 3, TRUE, "") | H58: =IFS(Mapping!H56="I", 1, Mapping!H56="P", 2, Mapping!H56="D", 3, TRUE, "") -> 1 | I58: =IFS(Mapping!I56="I", 1, Mapping!I56="P", 2, Mapping!I56="D", 3, TRUE, "") | J58: =IFS(Mapping!J56="I", 1, Mapping!J56="P", 2, Mapping!J56="D", 3, TRUE, "") | ... M58: =IFS(Mapping!M56="I", 1, Mapping!M56="P", 2, Mapping!M56="D", 3, TRUE, "")
A59: CSC145 | C59: =SUM(C60:C62) -> 1 | D59: =SUM(D60:D62) -> 1 | E59: =SUM(E60:E62) -> 2 | F59: =SUM(F60:F62) -> 1 | G59: =SUM(G60:G62) -> 1 | H59: =SUM(H60:H62) -> 2 | I59: =SUM(I60:I62) -> 0 | J59: =SUM(J60:J62) -> 0 | ... M59: =SUM(M60:M62) -> 0
B60: CLO1 | C60: =IFS(Mapping!C58="I", 1, Mapping!C58="P", 2, Mapping!C58="D", 3, TRUE, "") -> 1 | D60: =IFS(Mapping!D58="I", 1, Mapping!D58="P", 2, Mapping!D58="D", 3, TRUE, "") | E60: =IFS(Mapping!E58="I", 1, Mapping!E58="P", 2, Mapping!E58="D", 3, TRUE, "") | F60: =IFS(Mapping!F58="I", 1, Mapping!F58="P", 2, Mapping!F58="D", 3, TRUE, "") -> 1 | G60: =IFS(Mapping!G58="I", 1, Mapping!G58="P", 2, Mapping!G58="D", 3, TRUE, "") | H60: =IFS(Mapping!H58="I", 1, Mapping!H58="P", 2, Mapping!H58="D", 3, TRUE, "") | I60: =IFS(Mapping!I58="I", 1, Mapping!I58="P", 2, Mapping!I58="D", 3, TRUE, "") | J60: =IFS(Mapping!J58="I", 1, Mapping!J58="P", 2, Mapping!J58="D", 3, TRUE, "") | ... M60: =IFS(Mapping!M58="I", 1, Mapping!M58="P", 2, Mapping!M58="D", 3, TRUE, "")
B61: CLO2 | C61: =IFS(Mapping!C59="I", 1, Mapping!C59="P", 2, Mapping!C59="D", 3, TRUE, "") | D61: =IFS(Mapping!D59="I", 1, Mapping!D59="P", 2, Mapping!D59="D", 3, TRUE, "") -> 1 | E61: =IFS(Mapping!E59="I", 1, Mapping!E59="P", 2, Mapping!E59="D", 3, TRUE, "") | F61: =IFS(Mapping!F59="I", 1, Mapping!F59="P", 2, Mapping!F59="D", 3, TRUE, "") | G61: =IFS(Mapping!G59="I", 1, Mapping!G59="P", 2, Mapping!G59="D", 3, TRUE, "") -> 1 | H61: =IFS(Mapping!H59="I", 1, Mapping!H59="P", 2, Mapping!H59="D", 3, TRUE, "") | I61: =IFS(Mapping!I59="I", 1, Mapping!I59="P", 2, Mapping!I59="D", 3, TRUE, "") | J61: =IFS(Mapping!J59="I", 1, Mapping!J59="P", 2, Mapping!J59="D", 3, TRUE, "") | ... M61: =IFS(Mapping!M59="I", 1, Mapping!M59="P", 2, Mapping!M59="D", 3, TRUE, "")
B62: CLO3 | C62: =IFS(Mapping!C60="I", 1, Mapping!C60="P", 2, Mapping!C60="D", 3, TRUE, "") | D62: =IFS(Mapping!D60="I", 1, Mapping!D60="P", 2, Mapping!D60="D", 3, TRUE, "") | E62: =IFS(Mapping!E60="I", 1, Mapping!E60="P", 2, Mapping!E60="D", 3, TRUE, "") -> 2 | F62: =IFS(Mapping!F60="I", 1, Mapping!F60="P", 2, Mapping!F60="D", 3, TRUE, "") | G62: =IFS(Mapping!G60="I", 1, Mapping!G60="P", 2, Mapping!G60="D", 3, TRUE, "") | H62: =IFS(Mapping!H60="I", 1, Mapping!H60="P", 2, Mapping!H60="D", 3, TRUE, "") -> 2 | I62: =IFS(Mapping!I60="I", 1, Mapping!I60="P", 2, Mapping!I60="D", 3, TRUE, "") | J62: =IFS(Mapping!J60="I", 1, Mapping!J60="P", 2, Mapping!J60="D", 3, TRUE, "") | ... M62: =IFS(Mapping!M60="I", 1, Mapping!M60="P", 2, Mapping!M60="D", 3, TRUE, "")
A63: CSC155 | C63: =SUM(C64:C66) -> 1 | D63: =SUM(D64:D66) -> 2 | E63: =SUM(E64:E66) -> 2 | F63: =SUM(F64:F66) -> 1 | G63: =SUM(G64:G66) -> 2 | H63: =SUM(H64:H66) -> 2 | I63: =SUM(I64:I66) -> 1 | J63: =SUM(J64:J66) -> 2 | ... M63: =SUM(M64:M66) -> 0
B64: CLO1 | C64: =IFS(Mapping!C62="I", 1, Mapping!C62="P", 2, Mapping!C62="D", 3, TRUE, "") -> 1 | D64: =IFS(Mapping!D62="I", 1, Mapping!D62="P", 2, Mapping!D62="D", 3, TRUE, "") | E64: =IFS(Mapping!E62="I", 1, Mapping!E62="P", 2, Mapping!E62="D", 3, TRUE, "") | F64: =IFS(Mapping!F62="I", 1, Mapping!F62="P", 2, Mapping!F62="D", 3, TRUE, "") -> 1 | G64: =IFS(Mapping!G62="I", 1, Mapping!G62="P", 2, Mapping!G62="D", 3, TRUE, "") | H64: =IFS(Mapping!H62="I", 1, Mapping!H62="P", 2, Mapping!H62="D", 3, TRUE, "") | I64: =IFS(Mapping!I62="I", 1, Mapping!I62="P", 2, Mapping!I62="D", 3, TRUE, "") -> 1 | J64: =IFS(Mapping!J62="I", 1, Mapping!J62="P", 2, Mapping!J62="D", 3, TRUE, "") | ... M64: =IFS(Mapping!M62="I", 1, Mapping!M62="P", 2, Mapping!M62="D", 3, TRUE, "")
B65: CLO2 | C65: =IFS(Mapping!C63="I", 1, Mapping!C63="P", 2, Mapping!C63="D", 3, TRUE, "") | D65: =IFS(Mapping!D63="I", 1, Mapping!D63="P", 2, Mapping!D63="D", 3, TRUE, "") -> 2 | E65: =IFS(Mapping!E63="I", 1, Mapping!E63="P", 2, Mapping!E63="D", 3, TRUE, "") | F65: =IFS(Mapping!F63="I", 1, Mapping!F63="P", 2, Mapping!F63="D", 3, TRUE, "") | G65: =IFS(Mapping!G63="I", 1, Mapping!G63="P", 2, Mapping!G63="D", 3, TRUE, "") -> 2 | H65: =IFS(Mapping!H63="I", 1, Mapping!H63="P", 2, Mapping!H63="D", 3, TRUE, "") | I65: =IFS(Mapping!I63="I", 1, Mapping!I63="P", 2, Mapping!I63="D", 3, TRUE, "") | J65: =IFS(Mapping!J63="I", 1, Mapping!J63="P", 2, Mapping!J63="D", 3, TRUE, "") -> 2 | ... M65: =IFS(Mapping!M63="I", 1, Mapping!M63="P", 2, Mapping!M63="D", 3, TRUE, "")
B66: CLO3 | C66: =IFS(Mapping!C64="I", 1, Mapping!C64="P", 2, Mapping!C64="D", 3, TRUE, "") | D66: =IFS(Mapping!D64="I", 1, Mapping!D64="P", 2, Mapping!D64="D", 3, TRUE, "") | E66: =IFS(Mapping!E64="I", 1, Mapping!E64="P", 2, Mapping!E64="D", 3, TRUE, "") -> 2 | F66: =IFS(Mapping!F64="I", 1, Mapping!F64="P", 2, Mapping!F64="D", 3, TRUE, "") | G66: =IFS(Mapping!G64="I", 1, Mapping!G64="P", 2, Mapping!G64="D", 3, TRUE, "") | H66: =IFS(Mapping!H64="I", 1, Mapping!H64="P", 2, Mapping!H64="D", 3, TRUE, "") -> 2 | I66: =IFS(Mapping!I64="I", 1, Mapping!I64="P", 2, Mapping!I64="D", 3, TRUE, "") | J66: =IFS(Mapping!J64="I", 1, Mapping!J64="P", 2, Mapping!J64="D", 3, TRUE, "") | ... M66: =IFS(Mapping!M64="I", 1, Mapping!M64="P", 2, Mapping!M64="D", 3, TRUE, "")
A67: CSC161 | C67: =SUM(C68:C70) -> 0 | D67: =SUM(D68:D70) -> 1 | E67: =SUM(E68:E70) -> 1 | F67: =SUM(F68:F70) -> 2 | G67: =SUM(G68:G70) -> 2 | H67: =SUM(H68:H70) -> 2 | I67: =SUM(I68:I70) -> 0 | J67: =SUM(J68:J70) -> 0 | ... M67: =SUM(M68:M70) -> 0
B68: CLO1 | C68: =IFS(Mapping!C66="I", 1, Mapping!C66="P", 2, Mapping!C66="D", 3, TRUE, "") | D68: =IFS(Mapping!D66="I", 1, Mapping!D66="P", 2, Mapping!D66="D", 3, TRUE, "") -> 1 | E68: =IFS(Mapping!E66="I", 1, Mapping!E66="P", 2, Mapping!E66="D", 3, TRUE, "") | F68: =IFS(Mapping!F66="I", 1, Mapping!F66="P", 2, Mapping!F66="D", 3, TRUE, "") | G68: =IFS(Mapping!G66="I", 1, Mapping!G66="P", 2, Mapping!G66="D", 3, TRUE, "") | H68: =IFS(Mapping!H66="I", 1, Mapping!H66="P", 2, Mapping!H66="D", 3, TRUE, "") | I68: =IFS(Mapping!I66="I", 1, Mapping!I66="P", 2, Mapping!I66="D", 3, TRUE, "") | J68: =IFS(Mapping!J66="I", 1, Mapping!J66="P", 2, Mapping!J66="D", 3, TRUE, "") | ... M68: =IFS(Mapping!M66="I", 1, Mapping!M66="P", 2, Mapping!M66="D", 3, TRUE, "")
B69: CLO2 | C69: =IFS(Mapping!C67="I", 1, Mapping!C67="P", 2, Mapping!C67="D", 3, TRUE, "") | D69: =IFS(Mapping!D67="I", 1, Mapping!D67="P", 2, Mapping!D67="D", 3, TRUE, "") | E69: =IFS(Mapping!E67="I", 1, Mapping!E67="P", 2, Mapping!E67="D", 3, TRUE, "") -> 1 | F69: =IFS(Mapping!F67="I", 1, Mapping!F67="P", 2, Mapping!F67="D", 3, TRUE, "") | G69: =IFS(Mapping!G67="I", 1, Mapping!G67="P", 2, Mapping!G67="D", 3, TRUE, "") | H69: =IFS(Mapping!H67="I", 1, Mapping!H67="P", 2, Mapping!H67="D", 3, TRUE, "") | I69: =IFS(Mapping!I67="I", 1, Mapping!I67="P", 2, Mapping!I67="D", 3, TRUE, "") | J69: =IFS(Mapping!J67="I", 1, Mapping!J67="P", 2, Mapping!J67="D", 3, TRUE, "") | ... M69: =IFS(Mapping!M67="I", 1, Mapping!M67="P", 2, Mapping!M67="D", 3, TRUE, "")
B70: CLO3 | C70: =IFS(Mapping!C68="I", 1, Mapping!C68="P", 2, Mapping!C68="D", 3, TRUE, "") | D70: =IFS(Mapping!D68="I", 1, Mapping!D68="P", 2, Mapping!D68="D", 3, TRUE, "") | E70: =IFS(Mapping!E68="I", 1, Mapping!E68="P", 2, Mapping!E68="D", 3, TRUE, "") | F70: =IFS(Mapping!F68="I", 1, Mapping!F68="P", 2, Mapping!F68="D", 3, TRUE, "") -> 2 | G70: =IFS(Mapping!G68="I", 1, Mapping!G68="P", 2, Mapping!G68="D", 3, TRUE, "") -> 2 | H70: =IFS(Mapping!H68="I", 1, Mapping!H68="P", 2, Mapping!H68="D", 3, TRUE, "") -> 2 | I70: =IFS(Mapping!I68="I", 1, Mapping!I68="P", 2, Mapping!I68="D", 3, TRUE, "") | J70: =IFS(Mapping!J68="I", 1, Mapping!J68="P", 2, Mapping!J68="D", 3, TRUE, "") | ... M70: =IFS(Mapping!M68="I", 1, Mapping!M68="P", 2, Mapping!M68="D", 3, TRUE, "")
A71: CSC171 | C71: =SUM(C72:C74) -> 1 | D71: =SUM(D72:D74) -> 2 | E71: =SUM(E72:E74) -> 3 | F71: =SUM(F72:F74) -> 3 | G71: =SUM(G72:G74) -> 3 | H71: =SUM(H72:H74) -> 3 | I71: =SUM(I72:I74) -> 0 | J71: =SUM(J72:J74) -> 0 | ... M71: =SUM(M72:M74) -> 0
B72: CLO1 | C72: =IFS(Mapping!C70="I", 1, Mapping!C70="P", 2, Mapping!C70="D", 3, TRUE, "") -> 1 | D72: =IFS(Mapping!D70="I", 1, Mapping!D70="P", 2, Mapping!D70="D", 3, TRUE, "") | E72: =IFS(Mapping!E70="I", 1, Mapping!E70="P", 2, Mapping!E70="D", 3, TRUE, "") | F72: =IFS(Mapping!F70="I", 1, Mapping!F70="P", 2, Mapping!F70="D", 3, TRUE, "") | G72: =IFS(Mapping!G70="I", 1, Mapping!G70="P", 2, Mapping!G70="D", 3, TRUE, "") | H72: =IFS(Mapping!H70="I", 1, Mapping!H70="P", 2, Mapping!H70="D", 3, TRUE, "") | I72: =IFS(Mapping!I70="I", 1, Mapping!I70="P", 2, Mapping!I70="D", 3, TRUE, "") | J72: =IFS(Mapping!J70="I", 1, Mapping!J70="P", 2, Mapping!J70="D", 3, TRUE, "") | ... M72: =IFS(Mapping!M70="I", 1, Mapping!M70="P", 2, Mapping!M70="D", 3, TRUE, "")
B73: CLO2 | C73: =IFS(Mapping!C71="I", 1, Mapping!C71="P", 2, Mapping!C71="D", 3, TRUE, "") | D73: =IFS(Mapping!D71="I", 1, Mapping!D71="P", 2, Mapping!D71="D", 3, TRUE, "") -> 2 | E73: =IFS(Mapping!E71="I", 1, Mapping!E71="P", 2, Mapping!E71="D", 3, TRUE, "") | F73: =IFS(Mapping!F71="I", 1, Mapping!F71="P", 2, Mapping!F71="D", 3, TRUE, "") -> 3 | G73: =IFS(Mapping!G71="I", 1, Mapping!G71="P", 2, Mapping!G71="D", 3, TRUE, "") | H73: =IFS(Mapping!H71="I", 1, Mapping!H71="P", 2, Mapping!H71="D", 3, TRUE, "") | I73: =IFS(Mapping!I71="I", 1, Mapping!I71="P", 2, Mapping!I71="D", 3, TRUE, "") | J73: =IFS(Mapping!J71="I", 1, Mapping!J71="P", 2, Mapping!J71="D", 3, TRUE, "") | ... M73: =IFS(Mapping!M71="I", 1, Mapping!M71="P", 2, Mapping!M71="D", 3, TRUE, "")
B74: CLO3 | C74: =IFS(Mapping!C72="I", 1, Mapping!C72="P", 2, Mapping!C72="D", 3, TRUE, "") | D74: =IFS(Mapping!D72="I", 1, Mapping!D72="P", 2, Mapping!D72="D", 3, TRUE, "") | E74: =IFS(Mapping!E72="I", 1, Mapping!E72="P", 2, Mapping!E72="D", 3, TRUE, "") -> 3 | F74: =IFS(Mapping!F72="I", 1, Mapping!F72="P", 2, Mapping!F72="D", 3, TRUE, "") | G74: =IFS(Mapping!G72="I", 1, Mapping!G72="P", 2, Mapping!G72="D", 3, TRUE, "") -> 3 | H74: =IFS(Mapping!H72="I", 1, Mapping!H72="P", 2, Mapping!H72="D", 3, TRUE, "") -> 3 | I74: =IFS(Mapping!I72="I", 1, Mapping!I72="P", 2, Mapping!I72="D", 3, TRUE, "") | J74: =IFS(Mapping!J72="I", 1, Mapping!J72="P", 2, Mapping!J72="D", 3, TRUE, "") | ... M74: =IFS(Mapping!M72="I", 1, Mapping!M72="P", 2, Mapping!M72="D", 3, TRUE, "")
A75: CSC175 | C75: =SUM(C76:C78) -> 0 | D75: =SUM(D76:D78) -> 0 | E75: =SUM(E76:E78) -> 3 | F75: =SUM(F76:F78) -> 3 | G75: =SUM(G76:G78) -> 3 | H75: =SUM(H76:H78) -> 3 | I75: =SUM(I76:I78) -> 0 | J75: =SUM(J76:J78) -> 0 | ... M75: =SUM(M76:M78) -> 0
B76: CLO1 | C76: =IFS(Mapping!C74="I", 1, Mapping!C74="P", 2, Mapping!C74="D", 3, TRUE, "") | D76: =IFS(Mapping!D74="I", 1, Mapping!D74="P", 2, Mapping!D74="D", 3, TRUE, "") | E76: =IFS(Mapping!E74="I", 1, Mapping!E74="P", 2, Mapping!E74="D", 3, TRUE, "") -> 3 | F76: =IFS(Mapping!F74="I", 1, Mapping!F74="P", 2, Mapping!F74="D", 3, TRUE, "") | G76: =IFS(Mapping!G74="I", 1, Mapping!G74="P", 2, Mapping!G74="D", 3, TRUE, "") | H76: =IFS(Mapping!H74="I", 1, Mapping!H74="P", 2, Mapping!H74="D", 3, TRUE, "") | I76: =IFS(Mapping!I74="I", 1, Mapping!I74="P", 2, Mapping!I74="D", 3, TRUE, "") | J76: =IFS(Mapping!J74="I", 1, Mapping!J74="P", 2, Mapping!J74="D", 3, TRUE, "") | ... M76: =IFS(Mapping!M74="I", 1, Mapping!M74="P", 2, Mapping!M74="D", 3, TRUE, "")
B77: CLO2 | C77: =IFS(Mapping!C75="I", 1, Mapping!C75="P", 2, Mapping!C75="D", 3, TRUE, "") | D77: =IFS(Mapping!D75="I", 1, Mapping!D75="P", 2, Mapping!D75="D", 3, TRUE, "") | E77: =IFS(Mapping!E75="I", 1, Mapping!E75="P", 2, Mapping!E75="D", 3, TRUE, "") | F77: =IFS(Mapping!F75="I", 1, Mapping!F75="P", 2, Mapping!F75="D", 3, TRUE, "") -> 3 | G77: =IFS(Mapping!G75="I", 1, Mapping!G75="P", 2, Mapping!G75="D", 3, TRUE, "") | H77: =IFS(Mapping!H75="I", 1, Mapping!H75="P", 2, Mapping!H75="D", 3, TRUE, "") | I77: =IFS(Mapping!I75="I", 1, Mapping!I75="P", 2, Mapping!I75="D", 3, TRUE, "") | J77: =IFS(Mapping!J75="I", 1, Mapping!J75="P", 2, Mapping!J75="D", 3, TRUE, "") | ... M77: =IFS(Mapping!M75="I", 1, Mapping!M75="P", 2, Mapping!M75="D", 3, TRUE, "")
B78: CLO3 | C78: =IFS(Mapping!C76="I", 1, Mapping!C76="P", 2, Mapping!C76="D", 3, TRUE, "") | D78: =IFS(Mapping!D76="I", 1, Mapping!D76="P", 2, Mapping!D76="D", 3, TRUE, "") | E78: =IFS(Mapping!E76="I", 1, Mapping!E76="P", 2, Mapping!E76="D", 3, TRUE, "") | F78: =IFS(Mapping!F76="I", 1, Mapping!F76="P", 2, Mapping!F76="D", 3, TRUE, "") | G78: =IFS(Mapping!G76="I", 1, Mapping!G76="P", 2, Mapping!G76="D", 3, TRUE, "") -> 3 | H78: =IFS(Mapping!H76="I", 1, Mapping!H76="P", 2, Mapping!H76="D", 3, TRUE, "") -> 3 | I78: =IFS(Mapping!I76="I", 1, Mapping!I76="P", 2, Mapping!I76="D", 3, TRUE, "") | J78: =IFS(Mapping!J76="I", 1, Mapping!J76="P", 2, Mapping!J76="D", 3, TRUE, "") | ... M78: =IFS(Mapping!M76="I", 1, Mapping!M76="P", 2, Mapping!M76="D", 3, TRUE, "")
A79: CSC181 | C79: =SUM(C80:C82) -> 0 | D79: =SUM(D80:D82) -> 0 | E79: =SUM(E80:E82) -> 3 | F79: =SUM(F80:F82) -> 0 | G79: =SUM(G80:G82) -> 0 | H79: =SUM(H80:H82) -> 3 | I79: =SUM(I80:I82) -> 6 | J79: =SUM(J80:J82) -> 0 | ... M79: =SUM(M80:M82) -> 0
B80: CLO1 | C80: =IFS(Mapping!C78="I", 1, Mapping!C78="P", 2, Mapping!C78="D", 3, TRUE, "") | D80: =IFS(Mapping!D78="I", 1, Mapping!D78="P", 2, Mapping!D78="D", 3, TRUE, "") | E80: =IFS(Mapping!E78="I", 1, Mapping!E78="P", 2, Mapping!E78="D", 3, TRUE, "") -> 3 | F80: =IFS(Mapping!F78="I", 1, Mapping!F78="P", 2, Mapping!F78="D", 3, TRUE, "") | G80: =IFS(Mapping!G78="I", 1, Mapping!G78="P", 2, Mapping!G78="D", 3, TRUE, "") | H80: =IFS(Mapping!H78="I", 1, Mapping!H78="P", 2, Mapping!H78="D", 3, TRUE, "") | I80: =IFS(Mapping!I78="I", 1, Mapping!I78="P", 2, Mapping!I78="D", 3, TRUE, "") -> 2 | J80: =IFS(Mapping!J78="I", 1, Mapping!J78="P", 2, Mapping!J78="D", 3, TRUE, "") | ... M80: =IFS(Mapping!M78="I", 1, Mapping!M78="P", 2, Mapping!M78="D", 3, TRUE, "")
B81: CLO2 | C81: =IFS(Mapping!C79="I", 1, Mapping!C79="P", 2, Mapping!C79="D", 3, TRUE, "") | D81: =IFS(Mapping!D79="I", 1, Mapping!D79="P", 2, Mapping!D79="D", 3, TRUE, "") | E81: =IFS(Mapping!E79="I", 1, Mapping!E79="P", 2, Mapping!E79="D", 3, TRUE, "") | F81: =IFS(Mapping!F79="I", 1, Mapping!F79="P", 2, Mapping!F79="D", 3, TRUE, "") | G81: =IFS(Mapping!G79="I", 1, Mapping!G79="P", 2, Mapping!G79="D", 3, TRUE, "") | H81: =IFS(Mapping!H79="I", 1, Mapping!H79="P", 2, Mapping!H79="D", 3, TRUE, "") -> 3 | I81: =IFS(Mapping!I79="I", 1, Mapping!I79="P", 2, Mapping!I79="D", 3, TRUE, "") -> 2 | J81: =IFS(Mapping!J79="I", 1, Mapping!J79="P", 2, Mapping!J79="D", 3, TRUE, "") | ... M81: =IFS(Mapping!M79="I", 1, Mapping!M79="P", 2, Mapping!M79="D", 3, TRUE, "")
B82: CLO3 | C82: =IFS(Mapping!C80="I", 1, Mapping!C80="P", 2, Mapping!C80="D", 3, TRUE, "") | D82: =IFS(Mapping!D80="I", 1, Mapping!D80="P", 2, Mapping!D80="D", 3, TRUE, "") | E82: =IFS(Mapping!E80="I", 1, Mapping!E80="P", 2, Mapping!E80="D", 3, TRUE, "") | F82: =IFS(Mapping!F80="I", 1, Mapping!F80="P", 2, Mapping!F80="D", 3, TRUE, "") | G82: =IFS(Mapping!G80="I", 1, Mapping!G80="P", 2, Mapping!G80="D", 3, TRUE, "") | H82: =IFS(Mapping!H80="I", 1, Mapping!H80="P", 2, Mapping!H80="D", 3, TRUE, "") | I82: =IFS(Mapping!I80="I", 1, Mapping!I80="P", 2, Mapping!I80="D", 3, TRUE, "") -> 2 | J82: =IFS(Mapping!J80="I", 1, Mapping!J80="P", 2, Mapping!J80="D", 3, TRUE, "") | ... M82: =IFS(Mapping!M80="I", 1, Mapping!M80="P", 2, Mapping!M80="D", 3, TRUE, "")
A83: CSC186 | C83: =SUM(C84:C86) -> 0 | D83: =SUM(D84:D86) -> 0 | E83: =SUM(E84:E86) -> 0 | F83: =SUM(F84:F86) -> 1 | G83: =SUM(G84:G86) -> 2 | H83: =SUM(H84:H86) -> 3 | I83: =SUM(I84:I86) -> 6 | J83: =SUM(J84:J86) -> 2 | ... M83: =SUM(M84:M86) -> 0
B84: CLO1 | C84: =IFS(Mapping!C82="I", 1, Mapping!C82="P", 2, Mapping!C82="D", 3, TRUE, "") | D84: =IFS(Mapping!D82="I", 1, Mapping!D82="P", 2, Mapping!D82="D", 3, TRUE, "") | E84: =IFS(Mapping!E82="I", 1, Mapping!E82="P", 2, Mapping!E82="D", 3, TRUE, "") | F84: =IFS(Mapping!F82="I", 1, Mapping!F82="P", 2, Mapping!F82="D", 3, TRUE, "") -> 1 | G84: =IFS(Mapping!G82="I", 1, Mapping!G82="P", 2, Mapping!G82="D", 3, TRUE, "") | H84: =IFS(Mapping!H82="I", 1, Mapping!H82="P", 2, Mapping!H82="D", 3, TRUE, "") | I84: =IFS(Mapping!I82="I", 1, Mapping!I82="P", 2, Mapping!I82="D", 3, TRUE, "") -> 2 | J84: =IFS(Mapping!J82="I", 1, Mapping!J82="P", 2, Mapping!J82="D", 3, TRUE, "") | ... M84: =IFS(Mapping!M82="I", 1, Mapping!M82="P", 2, Mapping!M82="D", 3, TRUE, "")
B85: CLO2 | C85: =IFS(Mapping!C83="I", 1, Mapping!C83="P", 2, Mapping!C83="D", 3, TRUE, "") | D85: =IFS(Mapping!D83="I", 1, Mapping!D83="P", 2, Mapping!D83="D", 3, TRUE, "") | E85: =IFS(Mapping!E83="I", 1, Mapping!E83="P", 2, Mapping!E83="D", 3, TRUE, "") | F85: =IFS(Mapping!F83="I", 1, Mapping!F83="P", 2, Mapping!F83="D", 3, TRUE, "") | G85: =IFS(Mapping!G83="I", 1, Mapping!G83="P", 2, Mapping!G83="D", 3, TRUE, "") -> 2 | H85: =IFS(Mapping!H83="I", 1, Mapping!H83="P", 2, Mapping!H83="D", 3, TRUE, "") | I85: =IFS(Mapping!I83="I", 1, Mapping!I83="P", 2, Mapping!I83="D", 3, TRUE, "") -> 2 | J85: =IFS(Mapping!J83="I", 1, Mapping!J83="P", 2, Mapping!J83="D", 3, TRUE, "") | ... M85: =IFS(Mapping!M83="I", 1, Mapping!M83="P", 2, Mapping!M83="D", 3, TRUE, "")
B86: CLO3 | C86: =IFS(Mapping!C84="I", 1, Mapping!C84="P", 2, Mapping!C84="D", 3, TRUE, "") | D86: =IFS(Mapping!D84="I", 1, Mapping!D84="P", 2, Mapping!D84="D", 3, TRUE, "") | E86: =IFS(Mapping!E84="I", 1, Mapping!E84="P", 2, Mapping!E84="D", 3, TRUE, "") | F86: =IFS(Mapping!F84="I", 1, Mapping!F84="P", 2, Mapping!F84="D", 3, TRUE, "") | G86: =IFS(Mapping!G84="I", 1, Mapping!G84="P", 2, Mapping!G84="D", 3, TRUE, "") | H86: =IFS(Mapping!H84="I", 1, Mapping!H84="P", 2, Mapping!H84="D", 3, TRUE, "") -> 3 | I86: =IFS(Mapping!I84="I", 1, Mapping!I84="P", 2, Mapping!I84="D", 3, TRUE, "") -> 2 | J86: =IFS(Mapping!J84="I", 1, Mapping!J84="P", 2, Mapping!J84="D", 3, TRUE, "") -> 2 | ... M86: =IFS(Mapping!M84="I", 1, Mapping!M84="P", 2, Mapping!M84="D", 3, TRUE, "")
A87: CSC193 | C87: =SUM(C88:C90) -> 1 | D87: =SUM(D88:D90) -> 2 | E87: =SUM(E88:E90) -> 3 | F87: =SUM(F88:F90) -> 1 | G87: =SUM(G88:G90) -> 2 | H87: =SUM(H88:H90) -> 0 | I87: =SUM(I88:I90) -> 0 | J87: =SUM(J88:J90) -> 0 | ... M87: =SUM(M88:M90) -> 0
B88: CLO1 | C88: =IFS(Mapping!C86="I", 1, Mapping!C86="P", 2, Mapping!C86="D", 3, TRUE, "") -> 1 | D88: =IFS(Mapping!D86="I", 1, Mapping!D86="P", 2, Mapping!D86="D", 3, TRUE, "") | E88: =IFS(Mapping!E86="I", 1, Mapping!E86="P", 2, Mapping!E86="D", 3, TRUE, "") | F88: =IFS(Mapping!F86="I", 1, Mapping!F86="P", 2, Mapping!F86="D", 3, TRUE, "") -> 1 | G88: =IFS(Mapping!G86="I", 1, Mapping!G86="P", 2, Mapping!G86="D", 3, TRUE, "") | H88: =IFS(Mapping!H86="I", 1, Mapping!H86="P", 2, Mapping!H86="D", 3, TRUE, "") | I88: =IFS(Mapping!I86="I", 1, Mapping!I86="P", 2, Mapping!I86="D", 3, TRUE, "") | J88: =IFS(Mapping!J86="I", 1, Mapping!J86="P", 2, Mapping!J86="D", 3, TRUE, "") | ... M88: =IFS(Mapping!M86="I", 1, Mapping!M86="P", 2, Mapping!M86="D", 3, TRUE, "")
B89: CLO2 | C89: =IFS(Mapping!C87="I", 1, Mapping!C87="P", 2, Mapping!C87="D", 3, TRUE, "") | D89: =IFS(Mapping!D87="I", 1, Mapping!D87="P", 2, Mapping!D87="D", 3, TRUE, "") -> 2 | E89: =IFS(Mapping!E87="I", 1, Mapping!E87="P", 2, Mapping!E87="D", 3, TRUE, "") | F89: =IFS(Mapping!F87="I", 1, Mapping!F87="P", 2, Mapping!F87="D", 3, TRUE, "") | G89: =IFS(Mapping!G87="I", 1, Mapping!G87="P", 2, Mapping!G87="D", 3, TRUE, "") -> 2 | H89: =IFS(Mapping!H87="I", 1, Mapping!H87="P", 2, Mapping!H87="D", 3, TRUE, "") | I89: =IFS(Mapping!I87="I", 1, Mapping!I87="P", 2, Mapping!I87="D", 3, TRUE, "") | J89: =IFS(Mapping!J87="I", 1, Mapping!J87="P", 2, Mapping!J87="D", 3, TRUE, "") | ... M89: =IFS(Mapping!M87="I", 1, Mapping!M87="P", 2, Mapping!M87="D", 3, TRUE, "")
B90: CLO3 | C90: =IFS(Mapping!C88="I", 1, Mapping!C88="P", 2, Mapping!C88="D", 3, TRUE, "") | D90: =IFS(Mapping!D88="I", 1, Mapping!D88="P", 2, Mapping!D88="D", 3, TRUE, "") | E90: =IFS(Mapping!E88="I", 1, Mapping!E88="P", 2, Mapping!E88="D", 3, TRUE, "") -> 3 | F90: =IFS(Mapping!F88="I", 1, Mapping!F88="P", 2, Mapping!F88="D", 3, TRUE, "") | G90: =IFS(Mapping!G88="I", 1, Mapping!G88="P", 2, Mapping!G88="D", 3, TRUE, "") | H90: =IFS(Mapping!H88="I", 1, Mapping!H88="P", 2, Mapping!H88="D", 3, TRUE, "") | I90: =IFS(Mapping!I88="I", 1, Mapping!I88="P", 2, Mapping!I88="D", 3, TRUE, "") | J90: =IFS(Mapping!J88="I", 1, Mapping!J88="P", 2, Mapping!J88="D", 3, TRUE, "") | ... M90: =IFS(Mapping!M88="I", 1, Mapping!M88="P", 2, Mapping!M88="D", 3, TRUE, "")
A91: Elective 1 (CSC153) | C91: =SUM(C92:C94) -> 2 | D91: =SUM(D92:D94) -> 2 | E91: =SUM(E92:E94) -> 3 | F91: =SUM(F92:F94) -> 2 | G91: =SUM(G92:G94) -> 2 | H91: =SUM(H92:H94) -> 3 | I91: =SUM(I92:I94) -> 0 | J91: =SUM(J92:J94) -> 0 | ... M91: =SUM(M92:M94) -> 0
B92: CLO1 | C92: =IFS(Mapping!C90="I", 1, Mapping!C90="P", 2, Mapping!C90="D", 3, TRUE, "") -> 2 | D92: =IFS(Mapping!D90="I", 1, Mapping!D90="P", 2, Mapping!D90="D", 3, TRUE, "") | E92: =IFS(Mapping!E90="I", 1, Mapping!E90="P", 2, Mapping!E90="D", 3, TRUE, "") | F92: =IFS(Mapping!F90="I", 1, Mapping!F90="P", 2, Mapping!F90="D", 3, TRUE, "") -> 2 | G92: =IFS(Mapping!G90="I", 1, Mapping!G90="P", 2, Mapping!G90="D", 3, TRUE, "") | H92: =IFS(Mapping!H90="I", 1, Mapping!H90="P", 2, Mapping!H90="D", 3, TRUE, "") | I92: =IFS(Mapping!I90="I", 1, Mapping!I90="P", 2, Mapping!I90="D", 3, TRUE, "") | J92: =IFS(Mapping!J90="I", 1, Mapping!J90="P", 2, Mapping!J90="D", 3, TRUE, "") | ... M92: =IFS(Mapping!M90="I", 1, Mapping!M90="P", 2, Mapping!M90="D", 3, TRUE, "")
B93: CLO2 | C93: =IFS(Mapping!C91="I", 1, Mapping!C91="P", 2, Mapping!C91="D", 3, TRUE, "") | D93: =IFS(Mapping!D91="I", 1, Mapping!D91="P", 2, Mapping!D91="D", 3, TRUE, "") -> 2 | E93: =IFS(Mapping!E91="I", 1, Mapping!E91="P", 2, Mapping!E91="D", 3, TRUE, "") | F93: =IFS(Mapping!F91="I", 1, Mapping!F91="P", 2, Mapping!F91="D", 3, TRUE, "") | G93: =IFS(Mapping!G91="I", 1, Mapping!G91="P", 2, Mapping!G91="D", 3, TRUE, "") -> 2 | H93: =IFS(Mapping!H91="I", 1, Mapping!H91="P", 2, Mapping!H91="D", 3, TRUE, "") | I93: =IFS(Mapping!I91="I", 1, Mapping!I91="P", 2, Mapping!I91="D", 3, TRUE, "") | J93: =IFS(Mapping!J91="I", 1, Mapping!J91="P", 2, Mapping!J91="D", 3, TRUE, "") | ... M93: =IFS(Mapping!M91="I", 1, Mapping!M91="P", 2, Mapping!M91="D", 3, TRUE, "")
B94: CLO3 | C94: =IFS(Mapping!C92="I", 1, Mapping!C92="P", 2, Mapping!C92="D", 3, TRUE, "") | D94: =IFS(Mapping!D92="I", 1, Mapping!D92="P", 2, Mapping!D92="D", 3, TRUE, "") | E94: =IFS(Mapping!E92="I", 1, Mapping!E92="P", 2, Mapping!E92="D", 3, TRUE, "") -> 3 | F94: =IFS(Mapping!F92="I", 1, Mapping!F92="P", 2, Mapping!F92="D", 3, TRUE, "") | G94: =IFS(Mapping!G92="I", 1, Mapping!G92="P", 2, Mapping!G92="D", 3, TRUE, "") | H94: =IFS(Mapping!H92="I", 1, Mapping!H92="P", 2, Mapping!H92="D", 3, TRUE, "") -> 3 | I94: =IFS(Mapping!I92="I", 1, Mapping!I92="P", 2, Mapping!I92="D", 3, TRUE, "") | J94: =IFS(Mapping!J92="I", 1, Mapping!J92="P", 2, Mapping!J92="D", 3, TRUE, "") | ... M94: =IFS(Mapping!M92="I", 1, Mapping!M92="P", 2, Mapping!M92="D", 3, TRUE, "")
A95: Elective 2 (CSC172) | C95: =SUM(C96:C98) -> 2 | D95: =SUM(D96:D98) -> 2 | E95: =SUM(E96:E98) -> 3 | F95: =SUM(F96:F98) -> 2 | G95: =SUM(G96:G98) -> 2 | H95: =SUM(H96:H98) -> 3 | I95: =SUM(I96:I98) -> 0 | J95: =SUM(J96:J98) -> 0 | ... M95: =SUM(M96:M98) -> 0
B96: CLO1 | C96: =IFS(Mapping!C94="I", 1, Mapping!C94="P", 2, Mapping!C94="D", 3, TRUE, "") -> 2 | D96: =IFS(Mapping!D94="I", 1, Mapping!D94="P", 2, Mapping!D94="D", 3, TRUE, "") | E96: =IFS(Mapping!E94="I", 1, Mapping!E94="P", 2, Mapping!E94="D", 3, TRUE, "") | F96: =IFS(Mapping!F94="I", 1, Mapping!F94="P", 2, Mapping!F94="D", 3, TRUE, "") -> 2 | G96: =IFS(Mapping!G94="I", 1, Mapping!G94="P", 2, Mapping!G94="D", 3, TRUE, "") | H96: =IFS(Mapping!H94="I", 1, Mapping!H94="P", 2, Mapping!H94="D", 3, TRUE, "") | I96: =IFS(Mapping!I94="I", 1, Mapping!I94="P", 2, Mapping!I94="D", 3, TRUE, "") | J96: =IFS(Mapping!J94="I", 1, Mapping!J94="P", 2, Mapping!J94="D", 3, TRUE, "") | ... M96: =IFS(Mapping!M94="I", 1, Mapping!M94="P", 2, Mapping!M94="D", 3, TRUE, "")
B97: CLO2 | C97: =IFS(Mapping!C95="I", 1, Mapping!C95="P", 2, Mapping!C95="D", 3, TRUE, "") | D97: =IFS(Mapping!D95="I", 1, Mapping!D95="P", 2, Mapping!D95="D", 3, TRUE, "") -> 2 | E97: =IFS(Mapping!E95="I", 1, Mapping!E95="P", 2, Mapping!E95="D", 3, TRUE, "") | F97: =IFS(Mapping!F95="I", 1, Mapping!F95="P", 2, Mapping!F95="D", 3, TRUE, "") | G97: =IFS(Mapping!G95="I", 1, Mapping!G95="P", 2, Mapping!G95="D", 3, TRUE, "") -> 2 | H97: =IFS(Mapping!H95="I", 1, Mapping!H95="P", 2, Mapping!H95="D", 3, TRUE, "") | I97: =IFS(Mapping!I95="I", 1, Mapping!I95="P", 2, Mapping!I95="D", 3, TRUE, "") | J97: =IFS(Mapping!J95="I", 1, Mapping!J95="P", 2, Mapping!J95="D", 3, TRUE, "") | ... M97: =IFS(Mapping!M95="I", 1, Mapping!M95="P", 2, Mapping!M95="D", 3, TRUE, "")
B98: CLO3 | C98: =IFS(Mapping!C96="I", 1, Mapping!C96="P", 2, Mapping!C96="D", 3, TRUE, "") | D98: =IFS(Mapping!D96="I", 1, Mapping!D96="P", 2, Mapping!D96="D", 3, TRUE, "") | E98: =IFS(Mapping!E96="I", 1, Mapping!E96="P", 2, Mapping!E96="D", 3, TRUE, "") -> 3 | F98: =IFS(Mapping!F96="I", 1, Mapping!F96="P", 2, Mapping!F96="D", 3, TRUE, "") | G98: =IFS(Mapping!G96="I", 1, Mapping!G96="P", 2, Mapping!G96="D", 3, TRUE, "") | H98: =IFS(Mapping!H96="I", 1, Mapping!H96="P", 2, Mapping!H96="D", 3, TRUE, "") -> 3 | I98: =IFS(Mapping!I96="I", 1, Mapping!I96="P", 2, Mapping!I96="D", 3, TRUE, "") | J98: =IFS(Mapping!J96="I", 1, Mapping!J96="P", 2, Mapping!J96="D", 3, TRUE, "") | ... M98: =IFS(Mapping!M96="I", 1, Mapping!M96="P", 2, Mapping!M96="D", 3, TRUE, "")
A99: Elective 3 (CSC173) | C99: =SUM(C100:C102) -> 2 | D99: =SUM(D100:D102) -> 2 | E99: =SUM(E100:E102) -> 6 | F99: =SUM(F100:F102) -> 2 | G99: =SUM(G100:G102) -> 2 | H99: =SUM(H100:H102) -> 3 | I99: =SUM(I100:I102) -> 0 | J99: =SUM(J100:J102) -> 0 | ... M99: =SUM(M100:M102) -> 0
B100: CLO1 | C100: =IFS(Mapping!C98="I", 1, Mapping!C98="P", 2, Mapping!C98="D", 3, TRUE, "") -> 2 | D100: =IFS(Mapping!D98="I", 1, Mapping!D98="P", 2, Mapping!D98="D", 3, TRUE, "") | E100: =IFS(Mapping!E98="I", 1, Mapping!E98="P", 2, Mapping!E98="D", 3, TRUE, "") -> 3 | F100: =IFS(Mapping!F98="I", 1, Mapping!F98="P", 2, Mapping!F98="D", 3, TRUE, "") -> 2 | G100: =IFS(Mapping!G98="I", 1, Mapping!G98="P", 2, Mapping!G98="D", 3, TRUE, "") | H100: =IFS(Mapping!H98="I", 1, Mapping!H98="P", 2, Mapping!H98="D", 3, TRUE, "") | I100: =IFS(Mapping!I98="I", 1, Mapping!I98="P", 2, Mapping!I98="D", 3, TRUE, "") | J100: =IFS(Mapping!J98="I", 1, Mapping!J98="P", 2, Mapping!J98="D", 3, TRUE, "") | ... M100: =IFS(Mapping!M98="I", 1, Mapping!M98="P", 2, Mapping!M98="D", 3, TRUE, "")
B101: CLO2 | C101: =IFS(Mapping!C99="I", 1, Mapping!C99="P", 2, Mapping!C99="D", 3, TRUE, "") | D101: =IFS(Mapping!D99="I", 1, Mapping!D99="P", 2, Mapping!D99="D", 3, TRUE, "") -> 2 | E101: =IFS(Mapping!E99="I", 1, Mapping!E99="P", 2, Mapping!E99="D", 3, TRUE, "") | F101: =IFS(Mapping!F99="I", 1, Mapping!F99="P", 2, Mapping!F99="D", 3, TRUE, "") | G101: =IFS(Mapping!G99="I", 1, Mapping!G99="P", 2, Mapping!G99="D", 3, TRUE, "") -> 2 | H101: =IFS(Mapping!H99="I", 1, Mapping!H99="P", 2, Mapping!H99="D", 3, TRUE, "") | I101: =IFS(Mapping!I99="I", 1, Mapping!I99="P", 2, Mapping!I99="D", 3, TRUE, "") | J101: =IFS(Mapping!J99="I", 1, Mapping!J99="P", 2, Mapping!J99="D", 3, TRUE, "") | ... M101: =IFS(Mapping!M99="I", 1, Mapping!M99="P", 2, Mapping!M99="D", 3, TRUE, "")
B102: CLO3 | C102: =IFS(Mapping!C100="I", 1, Mapping!C100="P", 2, Mapping!C100="D", 3, TRUE, "") | D102: =IFS(Mapping!D100="I", 1, Mapping!D100="P", 2, Mapping!D100="D", 3, TRUE, "") | E102: =IFS(Mapping!E100="I", 1, Mapping!E100="P", 2, Mapping!E100="D", 3, TRUE, "") -> 3 | F102: =IFS(Mapping!F100="I", 1, Mapping!F100="P", 2, Mapping!F100="D", 3, TRUE, "") | G102: =IFS(Mapping!G100="I", 1, Mapping!G100="P", 2, Mapping!G100="D", 3, TRUE, "") | H102: =IFS(Mapping!H100="I", 1, Mapping!H100="P", 2, Mapping!H100="D", 3, TRUE, "") -> 3 | I102: =IFS(Mapping!I100="I", 1, Mapping!I100="P", 2, Mapping!I100="D", 3, TRUE, "") | J102: =IFS(Mapping!J100="I", 1, Mapping!J100="P", 2, Mapping!J100="D", 3, TRUE, "") | ... M102: =IFS(Mapping!M100="I", 1, Mapping!M100="P", 2, Mapping!M100="D", 3, TRUE, "")
...

Sheet PLO Attainment by Courses
A1: Direct Assessment of Program Learning Outcomes(PLOs)
A2: Batch 2022 to 2025, (Mapping Course-Level Achievements)
A3: Course Code | B3: CLO No. | C3: CLO Attainment | D3: Program Learning Outcome (PLO) | O3: Program Performance
D4: PLO1 | E4: PLO2 | F4: PLO3 | G4: PLO4 | H4: PLO5 | I4: PLO6 | J4: PLO7 | K4: PLO8 | L4: PLO9 | M4: PLO10 | N4: PLO11
A5: All Courses | D5: =IF(MapWeight!C6<>0, SUM(D7:D9, D11:D13, D15:D17, D19:D21, D23:D25, D27:D29, D31:D33, D35:D37, D39:D41, D43:D45, D47:D49, D51:D53, D55:D57, D59:D61, D63:D65, D67:D69, D71:D73, D75:D77, D79:D81, D83:D85, D87:D89, D91:D93, D95:D97, D99:D101, D103:D105, D107:D109, D111:D113, D115:D117)/MapWeight!C6, "") -> 75.399306 | E5: =IF(MapWeight!D6<>0, SUM(E7:E9, E11:E13, E15:E17, E19:E21, E23:E25, E27:E29, E31:E33, E35:E37, E39:E41, E43:E45, E47:E49, E51:E53, E55:E57, E59:E61, E63:E65, E67:E69, E71:E73, E75:E77, E79:E81, E83:E85, E87:E89, E91:E93, E95:E97, E99:E101, E103:E105, E107:E109, E111:E113, E115:E117)/MapWeight!D6, "") -> 73.878205 | F5: =IF(MapWeight!E6<>0, SUM(F7:F9, F11:F13, F15:F17, F19:F21, F23:F25, F27:F29, F31:F33, F35:F37, F39:F41, F43:F45, F47:F49, F51:F53, F55:F57, F59:F61, F63:F65, F67:F69, F71:F73, F75:F77, F79:F81, F83:F85, F87:F89, F91:F93, F95:F97, F99:F101, F103:F105, F107:F109, F111:F113, F115:F117)/MapWeight!E6, "") -> 74.214286 | G5: =IF(MapWeight!F6<>0, SUM(G7:G9, G11:G13, G15:G17, G19:G21, G23:G25, G27:G29, G31:G33, G35:G37, G39:G41, G43:G45, G47:G49, G51:G53, G55:G57, G59:G61, G63:G65, G67:G69, G71:G73, G75:G77, G79:G81, G83:G85, G87:G89, G91:G93, G95:G97, G99:G101, G103:G105, G107:G109, G111:G113, G115:G117)/MapWeight!F6, "") -> 75.124113 | H5: =IF(MapWeight!G6<>0, SUM(H7:H9, H11:H13, H15:H17, H19:H21, H23:H25, H27:H29, H31:H33, H35:H37, H39:H41, H43:H45, H47:H49, H51:H53, H55:H57, H59:H61, H63:H65, H67:H69, H71:H73, H75:H77, H79:H81, H83:H85, H87:H89, H91:H93, H95:H97, H99:H101, H103:H105, H107:H109, H111:H113, H115:H117)/MapWeight!G6, "") -> 73.525641 | I5: =IF(MapWeight!H6<>0, SUM(I7:I9, I11:I13, I15:I17, I19:I21, I23:I25, I27:I29, I31:I33, I35:I37, I39:I41, I43:I45, I47:I49, I51:I53, I55:I57, I59:I61, I63:I65, I67:I69, I71:I73, I75:I77, I79:I81, I83:I85, I87:I89, I91:I93, I95:I97, I99:I101, I103:I105, I107:I109, I111:I113, I115:I117)/MapWeight!H6, "") -> 73.736111 | J5: =IF(MapWeight!I6<>0, SUM(J7:J9, J11:J13, J15:J17, J19:J21, J23:J25, J27:J29, J31:J33, J35:J37, J39:J41, J43:J45, J47:J49, J51:J53, J55:J57, J59:J61, J63:J65, J67:J69, J71:J73, J75:J77, J79:J81, J83:J85, J87:J89, J91:J93, J95:J97, J99:J101, J103:J105, J107:J109, J111:J113, J115:J117)/MapWeight!I6, "") -> 74.4375 | K5: =IF(MapWeight!J6<>0, SUM(K7:K9, K11:K13, K15:K17, K19:K21, K23:K25, K27:K29, K31:K33, K35:K37, K39:K41, K43:K45, K47:K49, K51:K53, K55:K57, K59:K61, K63:K65, K67:K69, K71:K73, K75:K77, K79:K81, K83:K85, K87:K89, K91:K93, K95:K97, K99:K101, K103:K105, K107:K109, K111:K113, K115:K117)/MapWeight!J6, "") -> 74.675926 | ... N5: =IF(MapWeight!M6<>0, SUM(N7:N9, N11:N13, N15:N17, N19:N21, N23:N25, N27:N29, N31:N33, N35:N37, N39:N41, N43:N45, N47:N49, N51:N53, N55:N57, N59:N61, N63:N65, N67:N69, N71:N73, N75:N77, N79:N81, N83:N85, N87:N89, N91:N93, N95:N97, N99:N101, N103:N105, N107:N109, N111:N113, N115:N117)/MapWeight!M6, "") -> 74.301802 | O5: =AVERAGE(D5:N5) -> 74.324839
A6: CCC100 | C6: =AVERAGE(C7:C9) -> 70.833333 | D6: =IF(MapWeight!C7<>0, SUM(D7:D9)/MapWeight!C7, "") -> 70 | E6: =IF(MapWeight!D7<>0, SUM(E7:E9)/MapWeight!D7, "") -> 87.5 | F6: =IF(MapWeight!E7<>0, SUM(F7:F9)/MapWeight!E7, "") -> 72.5 | G6: =IF(MapWeight!F7<>0, SUM(G7:G9)/MapWeight!F7, "") | H6: =IF(MapWeight!G7<>0, SUM(H7:H9)/MapWeight!G7, "") | I6: =IF(MapWeight!H7<>0, SUM(I7:I9)/MapWeight!H7, "") | J6: =IF(MapWeight!I7<>0, SUM(J7:J9)/MapWeight!I7, "") | K6: =IF(MapWeight!J7<>0, SUM(K7:K9)/MapWeight!J7, "") | ... N6: =IF(MapWeight!M7<>0, SUM(N7:N9)/MapWeight!M7, "") | O6: =AVERAGE(D6:N6) -> 76.666667
B7: CLO1 | C7: =CLO_Attainments!C50 -> 55 | D7: =IF(MapWeight!C8<>"", $C$8*MapWeight!C8, "") -> 70 | E7: =IF(MapWeight!D8<>"", $C$8*MapWeight!D8, "") | F7: =IF(MapWeight!E8<>"", $C$8*MapWeight!E8, "") | G7: =IF(MapWeight!F8<>"", $C$8*MapWeight!F8, "") | H7: =IF(MapWeight!G8<>"", $C$8*MapWeight!G8, "") | I7: =IF(MapWeight!H8<>"", $C$8*MapWeight!H8, "") | J7: =IF(MapWeight!I8<>"", $C$8*MapWeight!I8, "") | K7: =IF(MapWeight!J8<>"", $C$8*MapWeight!J8, "") | ... N7: =IF(MapWeight!M8<>"", $C$8*MapWeight!M8, "")
B8: CLO2 | C8: =CLO_Attainments!D50 -> 70 | D8: =IF(MapWeight!C9<>"", $C$9*MapWeight!C9, "") | E8: =IF(MapWeight!D9<>"", $C$9*MapWeight!D9, "") -> 87.5 | F8: =IF(MapWeight!E9<>"", $C$9*MapWeight!E9, "") | G8: =IF(MapWeight!F9<>"", $C$9*MapWeight!F9, "") | H8: =IF(MapWeight!G9<>"", $C$9*MapWeight!G9, "") | I8: =IF(MapWeight!H9<>"", $C$9*MapWeight!H9, "") | J8: =IF(MapWeight!I9<>"", $C$9*MapWeight!I9, "") | K8: =IF(MapWeight!J9<>"", $C$9*MapWeight!J9, "") | ... N8: =IF(MapWeight!M9<>"", $C$9*MapWeight!M9, "")
B9: CLO3 | C9: =CLO_Attainments!E50 -> 87.5 | D9: =IF(MapWeight!C10<>"", $C$10*MapWeight!C10, "") | E9: =IF(MapWeight!D10<>"", $C$10*MapWeight!D10, "") | F9: =IF(MapWeight!E10<>"", $C$10*MapWeight!E10, "") -> 72.5 | G9: =IF(MapWeight!F10<>"", $C$10*MapWeight!F10, "") | H9: =IF(MapWeight!G10<>"", $C$10*MapWeight!G10, "") | I9: =IF(MapWeight!H10<>"", $C$10*MapWeight!H10, "") | J9: =IF(MapWeight!I10<>"", $C$10*MapWeight!I10, "") | K9: =IF(MapWeight!J10<>"", $C$10*MapWeight!J10, "") | ... N9: =IF(MapWeight!M10<>"", $C$10*MapWeight!M10, "")
A10: CCC101 | C10: =AVERAGE(C11:C13) -> 72.5 | D10: =IF(MapWeight!C11<>0, SUM(D11:D13)/MapWeight!C11, "") -> 67.5 | E10: =IF(MapWeight!D11<>0, SUM(E11:E13)/MapWeight!D11, "") -> 80 | F10: =IF(MapWeight!E11<>0, SUM(F11:F13)/MapWeight!E11, "") -> 71.666667 | G10: =IF(MapWeight!F11<>0, SUM(G11:G13)/MapWeight!F11, "") | H10: =IF(MapWeight!G11<>0, SUM(H11:H13)/MapWeight!G11, "") | I10: =IF(MapWeight!H11<>0, SUM(I11:I13)/MapWeight!H11, "") | J10: =IF(MapWeight!I11<>0, SUM(J11:J13)/MapWeight!I11, "") | K10: =IF(MapWeight!J11<>0, SUM(K11:K13)/MapWeight!J11, "") | ... N10: =IF(MapWeight!M11<>0, SUM(N11:N13)/MapWeight!M11, "") | O10: =AVERAGE(D10:N10) -> 73.055556
B11: CLO1 | C11: =CLO_Attainments!F50 -> 70 | D11: =IF(MapWeight!C12<>"", $C$12*MapWeight!C12, "") -> 67.5 | E11: =IF(MapWeight!D12<>"", $C$12*MapWeight!D12, "") | F11: =IF(MapWeight!E12<>"", $C$12*MapWeight!E12, "") | G11: =IF(MapWeight!F12<>"", $C$12*MapWeight!F12, "") | H11: =IF(MapWeight!G12<>"", $C$12*MapWeight!G12, "") | I11: =IF(MapWeight!H12<>"", $C$12*MapWeight!H12, "") | J11: =IF(MapWeight!I12<>"", $C$12*MapWeight!I12, "") | K11: =IF(MapWeight!J12<>"", $C$12*MapWeight!J12, "") | ... N11: =IF(MapWeight!M12<>"", $C$12*MapWeight!M12, "")
B12: CLO2 | C12: =CLO_Attainments!G50 -> 67.5 | D12: =IF(MapWeight!C13<>"", $C$13*MapWeight!C13, "") | E12: =IF(MapWeight!D13<>"", $C$13*MapWeight!D13, "") -> 80 | F12: =IF(MapWeight!E13<>"", $C$13*MapWeight!E13, "") | G12: =IF(MapWeight!F13<>"", $C$13*MapWeight!F13, "") | H12: =IF(MapWeight!G13<>"", $C$13*MapWeight!G13, "") | I12: =IF(MapWeight!H13<>"", $C$13*MapWeight!H13, "") | J12: =IF(MapWeight!I13<>"", $C$13*MapWeight!I13, "") | K12: =IF(MapWeight!J13<>"", $C$13*MapWeight!J13, "") | ... N12: =IF(MapWeight!M13<>"", $C$13*MapWeight!M13, "")
B13: CLO3 | C13: =CLO_Attainments!H50 -> 80 | D13: =IF(MapWeight!C14<>"", $C$14*MapWeight!C14, "") | E13: =IF(MapWeight!D14<>"", $C$14*MapWeight!D14, "") | F13: =IF(MapWeight!E14<>"", $C$14*MapWeight!E14, "") -> 71.666667 | G13: =IF(MapWeight!F14<>"", $C$14*MapWeight!F14, "") | H13: =IF(MapWeight!G14<>"", $C$14*MapWeight!G14, "") | I13: =IF(MapWeight!H14<>"", $C$14*MapWeight!H14, "") | J13: =IF(MapWeight!I14<>"", $C$14*MapWeight!I14, "") | K13: =IF(MapWeight!J14<>"", $C$14*MapWeight!J14, "") | ... N13: =IF(MapWeight!M14<>"", $C$14*MapWeight!M14, "")
A14: CCC102 | C14: =AVERAGE(C15:C17) -> 71.666667 | D14: =IF(MapWeight!C15<>0, SUM(D15:D17)/MapWeight!C15, "") -> 67.5 | E14: =IF(MapWeight!D15<>0, SUM(E15:E17)/MapWeight!D15, "") -> 70 | F14: =IF(MapWeight!E15<>0, SUM(F15:F17)/MapWeight!E15, "") -> 74.166667 | G14: =IF(MapWeight!F15<>0, SUM(G15:G17)/MapWeight!F15, "") | H14: =IF(MapWeight!G15<>0, SUM(H15:H17)/MapWeight!G15, "") | I14: =IF(MapWeight!H15<>0, SUM(I15:I17)/MapWeight!H15, "") | J14: =IF(MapWeight!I15<>0, SUM(J15:J17)/MapWeight!I15, "") | K14: =IF(MapWeight!J15<>0, SUM(K15:K17)/MapWeight!J15, "") | ... N14: =IF(MapWeight!M15<>0, SUM(N15:N17)/MapWeight!M15, "") | O14: =AVERAGE(D14:N14) -> 70.555556
B15: CLO1 | C15: =CLO_Attainments!I50 -> 77.5 | D15: =IF(MapWeight!C16<>"", $C$16*MapWeight!C16, "") -> 67.5 | E15: =IF(MapWeight!D16<>"", $C$16*MapWeight!D16, "") | F15: =IF(MapWeight!E16<>"", $C$16*MapWeight!E16, "") | G15: =IF(MapWeight!F16<>"", $C$16*MapWeight!F16, "") | H15: =IF(MapWeight!G16<>"", $C$16*MapWeight!G16, "") | I15: =IF(MapWeight!H16<>"", $C$16*MapWeight!H16, "") | J15: =IF(MapWeight!I16<>"", $C$16*MapWeight!I16, "") | K15: =IF(MapWeight!J16<>"", $C$16*MapWeight!J16, "") | ... N15: =IF(MapWeight!M16<>"", $C$16*MapWeight!M16, "")
B16: CLO2 | C16: =CLO_Attainments!J50 -> 67.5 | D16: =IF(MapWeight!C17<>"", $C$17*MapWeight!C17, "") | E16: =IF(MapWeight!D17<>"", $C$17*MapWeight!D17, "") -> 70 | F16: =IF(MapWeight!E17<>"", $C$17*MapWeight!E17, "") | G16: =IF(MapWeight!F17<>"", $C$17*MapWeight!F17, "") | H16: =IF(MapWeight!G17<>"", $C$17*MapWeight!G17, "") | I16: =IF(MapWeight!H17<>"", $C$17*MapWeight!H17, "") | J16: =IF(MapWeight!I17<>"", $C$17*MapWeight!I17, "") | K16: =IF(MapWeight!J17<>"", $C$17*MapWeight!J17, "") | ... N16: =IF(MapWeight!M17<>"", $C$17*MapWeight!M17, "")
B17: CLO3 | C17: =CLO_Attainments!K50 -> 70 | D17: =IF(MapWeight!C18<>"", $C$18*MapWeight!C18, "") | E17: =IF(MapWeight!D18<>"", $C$18*MapWeight!D18, "") | F17: =IF(MapWeight!E18<>"", $C$18*MapWeight!E18, "") -> 74.166667 | G17: =IF(MapWeight!F18<>"", $C$18*MapWeight!F18, "") | H17: =IF(MapWeight!G18<>"", $C$18*MapWeight!G18, "") | I17: =IF(MapWeight!H18<>"", $C$18*MapWeight!H18, "") | J17: =IF(MapWeight!I18<>"", $C$18*MapWeight!I18, "") | K17: =IF(MapWeight!J18<>"", $C$18*MapWeight!J18, "") | ... N17: =IF(MapWeight!M18<>"", $C$18*MapWeight!M18, "")
A18: CCC121 | C18: =AVERAGE(C19:C21) -> 74.166667 | D18: =IF(MapWeight!C19<>0, SUM(D19:D21)/MapWeight!C19, "") -> 77.5 | E18: =IF(MapWeight!D19<>0, SUM(E19:E21)/MapWeight!D19, "") -> 72.5 | F18: =IF(MapWeight!E19<>0, SUM(F19:F21)/MapWeight!E19, "") -> 73.333333 | G18: =IF(MapWeight!F19<>0, SUM(G19:G21)/MapWeight!F19, "") | H18: =IF(MapWeight!G19<>0, SUM(H19:H21)/MapWeight!G19, "") | I18: =IF(MapWeight!H19<>0, SUM(I19:I21)/MapWeight!H19, "") | J18: =IF(MapWeight!I19<>0, SUM(J19:J21)/MapWeight!I19, "") | K18: =IF(MapWeight!J19<>0, SUM(K19:K21)/MapWeight!J19, "") | ... N18: =IF(MapWeight!M19<>0, SUM(N19:N21)/MapWeight!M19, "") | O18: =AVERAGE(D18:N18) -> 74.444444
B19: CLO1 | C19: =CLO_Attainments!L50 -> 72.5 | D19: =IF(MapWeight!C20<>"", $C$20*MapWeight!C20, "") -> 155 | E19: =IF(MapWeight!D20<>"", $C$20*MapWeight!D20, "") | F19: =IF(MapWeight!E20<>"", $C$20*MapWeight!E20, "") | G19: =IF(MapWeight!F20<>"", $C$20*MapWeight!F20, "") | H19: =IF(MapWeight!G20<>"", $C$20*MapWeight!G20, "") | I19: =IF(MapWeight!H20<>"", $C$20*MapWeight!H20, "") | J19: =IF(MapWeight!I20<>"", $C$20*MapWeight!I20, "") | K19: =IF(MapWeight!J20<>"", $C$20*MapWeight!J20, "") | ... N19: =IF(MapWeight!M20<>"", $C$20*MapWeight!M20, "")
B20: CLO2 | C20: =CLO_Attainments!M50 -> 77.5 | D20: =IF(MapWeight!C21<>"", $C$21*MapWeight!C21, "") | E20: =IF(MapWeight!D21<>"", $C$21*MapWeight!D21, "") -> 145 | F20: =IF(MapWeight!E21<>"", $C$21*MapWeight!E21, "") | G20: =IF(MapWeight!F21<>"", $C$21*MapWeight!F21, "") | H20: =IF(MapWeight!G21<>"", $C$21*MapWeight!G21, "") | I20: =IF(MapWeight!H21<>"", $C$21*MapWeight!H21, "") | J20: =IF(MapWeight!I21<>"", $C$21*MapWeight!I21, "") | K20: =IF(MapWeight!J21<>"", $C$21*MapWeight!J21, "") | ... N20: =IF(MapWeight!M21<>"", $C$21*MapWeight!M21, "")
B21: CLO3 | C21: =CLO_Attainments!N50 -> 72.5 | D21: =IF(MapWeight!C22<>"", $C$22*MapWeight!C22, "") | E21: =IF(MapWeight!D22<>"", $C$22*MapWeight!D22, "") | F21: =IF(MapWeight!E22<>"", $C$22*MapWeight!E22, "") -> 146.66667 | G21: =IF(MapWeight!F22<>"", $C$22*MapWeight!F22, "") | H21: =IF(MapWeight!G22<>"", $C$22*MapWeight!G22, "") | I21: =IF(MapWeight!H22<>"", $C$22*MapWeight!H22, "") | J21: =IF(MapWeight!I22<>"", $C$22*MapWeight!I22, "") | K21: =IF(MapWeight!J22<>"", $C$22*MapWeight!J22, "") | ... N21: =IF(MapWeight!M22<>"", $C$22*MapWeight!M22, "")
A22: CCC151 | C22: =AVERAGE(C23:C25) -> 73.333333 | D22: =IF(MapWeight!C23<>0, SUM(D23:D25)/MapWeight!C23, "") -> 77.5 | E22: =IF(MapWeight!D23<>0, SUM(E23:E25)/MapWeight!D23, "") -> 72.5 | F22: =IF(MapWeight!E23<>0, SUM(F23:F25)/MapWeight!E23, "") -> 73.333333 | G22: =IF(MapWeight!F23<>0, SUM(G23:G25)/MapWeight!F23, "") | H22: =IF(MapWeight!G23<>0, SUM(H23:H25)/MapWeight!G23, "") | I22: =IF(MapWeight!H23<>0, SUM(I23:I25)/MapWeight!H23, "") | J22: =IF(MapWeight!I23<>0, SUM(J23:J25)/MapWeight!I23, "") | K22: =IF(MapWeight!J23<>0, SUM(K23:K25)/MapWeight!J23, "") | ... N22: =IF(MapWeight!M23<>0, SUM(N23:N25)/MapWeight!M23, "") | O22: =AVERAGE(D22:N22) -> 74.444444
B23: CLO1 | C23: =CLO_Attainments!O50 -> 75 | D23: =IF(MapWeight!C24<>"", $C$20*MapWeight!C24, "") -> 155 | E23: =IF(MapWeight!D24<>"", $C$20*MapWeight!D24, "") | F23: =IF(MapWeight!E24<>"", $C$20*MapWeight!E24, "") | G23: =IF(MapWeight!F24<>"", $C$20*MapWeight!F24, "") | H23: =IF(MapWeight!G24<>"", $C$20*MapWeight!G24, "") | I23: =IF(MapWeight!H24<>"", $C$20*MapWeight!H24, "") | J23: =IF(MapWeight!I24<>"", $C$20*MapWeight!I24, "") | K23: =IF(MapWeight!J24<>"", $C$20*MapWeight!J24, "") | ... N23: =IF(MapWeight!M24<>"", $C$20*MapWeight!M24, "")
B24: CLO2 | C24: =CLO_Attainments!P50 -> 72.5 | D24: =IF(MapWeight!C25<>"", $C$21*MapWeight!C25, "") | E24: =IF(MapWeight!D25<>"", $C$21*MapWeight!D25, "") -> 145 | F24: =IF(MapWeight!E25<>"", $C$21*MapWeight!E25, "") | G24: =IF(MapWeight!F25<>"", $C$21*MapWeight!F25, "") | H24: =IF(MapWeight!G25<>"", $C$21*MapWeight!G25, "") | I24: =IF(MapWeight!H25<>"", $C$21*MapWeight!H25, "") | J24: =IF(MapWeight!I25<>"", $C$21*MapWeight!I25, "") | K24: =IF(MapWeight!J25<>"", $C$21*MapWeight!J25, "") | ... N24: =IF(MapWeight!M25<>"", $C$21*MapWeight!M25, "")
B25: CLO3 | C25: =CLO_Attainments!Q50 -> 72.5 | D25: =IF(MapWeight!C26<>"", $C$22*MapWeight!C26, "") | E25: =IF(MapWeight!D26<>"", $C$22*MapWeight!D26, "") | F25: =IF(MapWeight!E26<>"", $C$22*MapWeight!E26, "") -> 146.66667 | G25: =IF(MapWeight!F26<>"", $C$22*MapWeight!F26, "") | H25: =IF(MapWeight!G26<>"", $C$22*MapWeight!G26, "") | I25: =IF(MapWeight!H26<>"", $C$22*MapWeight!H26, "") | J25: =IF(MapWeight!I26<>"", $C$22*MapWeight!I26, "") | K25: =IF(MapWeight!J26<>"", $C$22*MapWeight!J26, "") | ... N25: =IF(MapWeight!M26<>"", $C$22*MapWeight!M26, "")
A26: CCC181 | C26: =AVERAGE(C27:C29) -> 71.666667 | D26: =IF(MapWeight!C27<>0, SUM(D27:D29)/MapWeight!C27, "") -> 77.5 | E26: =IF(MapWeight!D27<>0, SUM(E27:E29)/MapWeight!D27, "") -> 72.5 | F26: =IF(MapWeight!E27<>0, SUM(F27:F29)/MapWeight!E27, "") -> 73.333333 | G26: =IF(MapWeight!F27<>0, SUM(G27:G29)/MapWeight!F27, "") | H26: =IF(MapWeight!G27<>0, SUM(H27:H29)/MapWeight!G27, "") | I26: =IF(MapWeight!H27<>0, SUM(I27:I29)/MapWeight!H27, "") | J26: =IF(MapWeight!I27<>0, SUM(J27:J29)/MapWeight!I27, "") | K26: =IF(MapWeight!J27<>0, SUM(K27:K29)/MapWeight!J27, "") | ... N26: =IF(MapWeight!M27<>0, SUM(N27:N29)/MapWeight!M27, "") | O26: =AVERAGE(D26:N26) -> 74.444444
B27: CLO1 | C27: =CLO_Attainments!R50 -> 67.5 | D27: =IF(MapWeight!C28<>"", $C$20*MapWeight!C28, "") -> 232.5 | E27: =IF(MapWeight!D28<>"", $C$20*MapWeight!D28, "") | F27: =IF(MapWeight!E28<>"", $C$20*MapWeight!E28, "") | G27: =IF(MapWeight!F28<>"", $C$20*MapWeight!F28, "") | H27: =IF(MapWeight!G28<>"", $C$20*MapWeight!G28, "") | I27: =IF(MapWeight!H28<>"", $C$20*MapWeight!H28, "") | J27: =IF(MapWeight!I28<>"", $C$20*MapWeight!I28, "") | K27: =IF(MapWeight!J28<>"", $C$20*MapWeight!J28, "") | ... N27: =IF(MapWeight!M28<>"", $C$20*MapWeight!M28, "")
B28: CLO2 | C28: =CLO_Attainments!S50 -> 85 | D28: =IF(MapWeight!C29<>"", $C$21*MapWeight!C29, "") | E28: =IF(MapWeight!D29<>"", $C$21*MapWeight!D29, "") -> 217.5 | F28: =IF(MapWeight!E29<>"", $C$21*MapWeight!E29, "") | G28: =IF(MapWeight!F29<>"", $C$21*MapWeight!F29, "") | H28: =IF(MapWeight!G29<>"", $C$21*MapWeight!G29, "") | I28: =IF(MapWeight!H29<>"", $C$21*MapWeight!H29, "") | J28: =IF(MapWeight!I29<>"", $C$21*MapWeight!I29, "") | K28: =IF(MapWeight!J29<>"", $C$21*MapWeight!J29, "") | ... N28: =IF(MapWeight!M29<>"", $C$21*MapWeight!M29, "")
B29: CLO3 | C29: =CLO_Attainments!T50 -> 62.5 | D29: =IF(MapWeight!C30<>"", $C$22*MapWeight!C30, "") | E29: =IF(MapWeight!D30<>"", $C$22*MapWeight!D30, "") | F29: =IF(MapWeight!E30<>"", $C$22*MapWeight!E30, "") -> 220 | G29: =IF(MapWeight!F30<>"", $C$22*MapWeight!F30, "") | H29: =IF(MapWeight!G30<>"", $C$22*MapWeight!G30, "") | I29: =IF(MapWeight!H30<>"", $C$22*MapWeight!H30, "") | J29: =IF(MapWeight!I30<>"", $C$22*MapWeight!I30, "") | K29: =IF(MapWeight!J30<>"", $C$22*MapWeight!J30, "") | ... N29: =IF(MapWeight!M30<>"", $C$22*MapWeight!M30, "")
A30: CSC109 | C30: =AVERAGE(C31:C33) -> 73.333333 | D30: =IF(MapWeight!C31<>0, SUM(D31:D33)/MapWeight!C31, "") | E30: =IF(MapWeight!D31<>0, SUM(E31:E33)/MapWeight!D31, "") | F30: =IF(MapWeight!E31<>0, SUM(F31:F33)/MapWeight!E31, "") | G30: =IF(MapWeight!F31<>0, SUM(G31:G33)/MapWeight!F31, "") | H30: =IF(MapWeight!G31<>0, SUM(H31:H33)/MapWeight!G31, "") | I30: =IF(MapWeight!H31<>0, SUM(I31:I33)/MapWeight!H31, "") | J30: =IF(MapWeight!I31<>0, SUM(J31:J33)/MapWeight!I31, "") | K30: =IF(MapWeight!J31<>0, SUM(K31:K33)/MapWeight!J31, "") -> 77.5 | ... N30: =IF(MapWeight!M31<>0, SUM(N31:N33)/MapWeight!M31, "") -> 74.444444 | O30: =AVERAGE(D30:N30) -> 74.444444
B31: CLO1 | C31: =CLO_Attainments!U50 -> 72.5 | D31: =IF(MapWeight!C32<>"", $C$20*MapWeight!C32, "") | E31: =IF(MapWeight!D32<>"", $C$20*MapWeight!D32, "") | F31: =IF(MapWeight!E32<>"", $C$20*MapWeight!E32, "") | G31: =IF(MapWeight!F32<>"", $C$20*MapWeight!F32, "") | H31: =IF(MapWeight!G32<>"", $C$20*MapWeight!G32, "") | I31: =IF(MapWeight!H32<>"", $C$20*MapWeight!H32, "") | J31: =IF(MapWeight!I32<>"", $C$20*MapWeight!I32, "") | K31: =IF(MapWeight!J32<>"", $C$20*MapWeight!J32, "") -> 232.5 | ... N31: =IF(MapWeight!M32<>"", $C$20*MapWeight!M32, "") -> 232.5
B32: CLO2 | C32: =CLO_Attainments!V50 -> 70 | D32: =IF(MapWeight!C33<>"", $C$21*MapWeight!C33, "") | E32: =IF(MapWeight!D33<>"", $C$21*MapWeight!D33, "") | F32: =IF(MapWeight!E33<>"", $C$21*MapWeight!E33, "") | G32: =IF(MapWeight!F33<>"", $C$21*MapWeight!F33, "") | H32: =IF(MapWeight!G33<>"", $C$21*MapWeight!G33, "") | I32: =IF(MapWeight!H33<>"", $C$21*MapWeight!H33, "") | J32: =IF(MapWeight!I33<>"", $C$21*MapWeight!I33, "") | K32: =IF(MapWeight!J33<>"", $C$21*MapWeight!J33, "") | ... N32: =IF(MapWeight!M33<>"", $C$21*MapWeight!M33, "") -> 217.5
B33: CLO3 | C33: =CLO_Attainments!W50 -> 77.5 | D33: =IF(MapWeight!C34<>"", $C$22*MapWeight!C34, "") | E33: =IF(MapWeight!D34<>"", $C$22*MapWeight!D34, "") | F33: =IF(MapWeight!E34<>"", $C$22*MapWeight!E34, "") | G33: =IF(MapWeight!F34<>"", $C$22*MapWeight!F34, "") | H33: =IF(MapWeight!G34<>"", $C$22*MapWeight!G34, "") | I33: =IF(MapWeight!H34<>"", $C$22*MapWeight!H34, "") | J33: =IF(MapWeight!I34<>"", $C$22*MapWeight!I34, "") | K33: =IF(MapWeight!J34<>"", $C$22*MapWeight!J34, "") | ... N33: =IF(MapWeight!M34<>"", $C$22*MapWeight!M34, "") -> 220
A34: CSC112 | C34: =AVERAGE(C35:C37) -> 71.666667 | D34: =IF(MapWeight!C35<>0, SUM(D35:D37)/MapWeight!C35, "") | E34: =IF(MapWeight!D35<>0, SUM(E35:E37)/MapWeight!D35, "") | F34: =IF(MapWeight!E35<>0, SUM(F35:F37)/MapWeight!E35, "") | G34: =IF(MapWeight!F35<>0, SUM(G35:G37)/MapWeight!F35, "") -> 77.5 | H34: =IF(MapWeight!G35<>0, SUM(H35:H37)/MapWeight!G35, "") -> 72.5 | I34: =IF(MapWeight!H35<>0, SUM(I35:I37)/MapWeight!H35, "") -> 73.333333 | J34: =IF(MapWeight!I35<>0, SUM(J35:J37)/MapWeight!I35, "") | K34: =IF(MapWeight!J35<>0, SUM(K35:K37)/MapWeight!J35, "") | ... N34: =IF(MapWeight!M35<>0, SUM(N35:N37)/MapWeight!M35, "") | O34: =AVERAGE(D34:N34) -> 74.444444
B35: CLO1 | C35: =CLO_Attainments!X50 -> 82.5 | D35: =IF(MapWeight!C36<>"", $C$20*MapWeight!C36, "") | E35: =IF(MapWeight!D36<>"", $C$20*MapWeight!D36, "") | F35: =IF(MapWeight!E36<>"", $C$20*MapWeight!E36, "") | G35: =IF(MapWeight!F36<>"", $C$20*MapWeight!F36, "") -> 77.5 | H35: =IF(MapWeight!G36<>"", $C$20*MapWeight!G36, "") | I35: =IF(MapWeight!H36<>"", $C$20*MapWeight!H36, "") | J35: =IF(MapWeight!I36<>"", $C$20*MapWeight!I36, "") | K35: =IF(MapWeight!J36<>"", $C$20*MapWeight!J36, "") | ... N35: =IF(MapWeight!M36<>"", $C$20*MapWeight!M36, "")
B36: CLO2 | C36: =CLO_Attainments!Y50 -> 62.5 | D36: =IF(MapWeight!C37<>"", $C$21*MapWeight!C37, "") | E36: =IF(MapWeight!D37<>"", $C$21*MapWeight!D37, "") | F36: =IF(MapWeight!E37<>"", $C$21*MapWeight!E37, "") | G36: =IF(MapWeight!F37<>"", $C$21*MapWeight!F37, "") | H36: =IF(MapWeight!G37<>"", $C$21*MapWeight!G37, "") -> 145 | I36: =IF(MapWeight!H37<>"", $C$21*MapWeight!H37, "") | J36: =IF(MapWeight!I37<>"", $C$21*MapWeight!I37, "") | K36: =IF(MapWeight!J37<>"", $C$21*MapWeight!J37, "") | ... N36: =IF(MapWeight!M37<>"", $C$21*MapWeight!M37, "")
B37: CLO3 | C37: =CLO_Attainments!Z50 -> 70 | D37: =IF(MapWeight!C38<>"", $C$22*MapWeight!C38, "") | E37: =IF(MapWeight!D38<>"", $C$22*MapWeight!D38, "") | F37: =IF(MapWeight!E38<>"", $C$22*MapWeight!E38, "") | G37: =IF(MapWeight!F38<>"", $C$22*MapWeight!F38, "") | H37: =IF(MapWeight!G38<>"", $C$22*MapWeight!G38, "") | I37: =IF(MapWeight!H38<>"", $C$22*MapWeight!H38, "") -> 146.66667 | J37: =IF(MapWeight!I38<>"", $C$22*MapWeight!I38, "") | K37: =IF(MapWeight!J38<>"", $C$22*MapWeight!J38, "") | ... N37: =IF(MapWeight!M38<>"", $C$22*MapWeight!M38, "")
A38: CSC113 | C38: =AVERAGE(C39:C41) -> 76.666667 | D38: =IF(MapWeight!C39<>0, SUM(D39:D41)/MapWeight!C39, "") | E38: =IF(MapWeight!D39<>0, SUM(E39:E41)/MapWeight!D39, "") | F38: =IF(MapWeight!E39<>0, SUM(F39:F41)/MapWeight!E39, "") | G38: =IF(MapWeight!F39<>0, SUM(G39:G41)/MapWeight!F39, "") -> 77.5 | H38: =IF(MapWeight!G39<>0, SUM(H39:H41)/MapWeight!G39, "") -> 72.5 | I38: =IF(MapWeight!H39<>0, SUM(I39:I41)/MapWeight!H39, "") -> 73.333333 | J38: =IF(MapWeight!I39<>0, SUM(J39:J41)/MapWeight!I39, "") | K38: =IF(MapWeight!J39<>0, SUM(K39:K41)/MapWeight!J39, "") | ... N38: =IF(MapWeight!M39<>0, SUM(N39:N41)/MapWeight!M39, "") -> 72.5 | O38: =AVERAGE(D38:N38) -> 74.666667
B39: CLO1 | C39: =CLO_Attainments!AA50 -> 72.5 | D39: =IF(MapWeight!C40<>"", $C$20*MapWeight!C40, "") | E39: =IF(MapWeight!D40<>"", $C$20*MapWeight!D40, "") | F39: =IF(MapWeight!E40<>"", $C$20*MapWeight!E40, "") | G39: =IF(MapWeight!F40<>"", $C$20*MapWeight!F40, "") -> 77.5 | H39: =IF(MapWeight!G40<>"", $C$20*MapWeight!G40, "") | I39: =IF(MapWeight!H40<>"", $C$20*MapWeight!H40, "") | J39: =IF(MapWeight!I40<>"", $C$20*MapWeight!I40, "") | K39: =IF(MapWeight!J40<>"", $C$20*MapWeight!J40, "") | ... N39: =IF(MapWeight!M40<>"", $C$20*MapWeight!M40, "")
B40: CLO2 | C40: =CLO_Attainments!AB50 -> 75 | D40: =IF(MapWeight!C41<>"", $C$21*MapWeight!C41, "") | E40: =IF(MapWeight!D41<>"", $C$21*MapWeight!D41, "") | F40: =IF(MapWeight!E41<>"", $C$21*MapWeight!E41, "") | G40: =IF(MapWeight!F41<>"", $C$21*MapWeight!F41, "") | H40: =IF(MapWeight!G41<>"", $C$21*MapWeight!G41, "") -> 145 | I40: =IF(MapWeight!H41<>"", $C$21*MapWeight!H41, "") | J40: =IF(MapWeight!I41<>"", $C$21*MapWeight!I41, "") | K40: =IF(MapWeight!J41<>"", $C$21*MapWeight!J41, "") | ... N40: =IF(MapWeight!M41<>"", $C$21*MapWeight!M41, "") -> 72.5
B41: CLO3 | C41: =CLO_Attainments!AC50 -> 82.5 | D41: =IF(MapWeight!C42<>"", $C$22*MapWeight!C42, "") | E41: =IF(MapWeight!D42<>"", $C$22*MapWeight!D42, "") | F41: =IF(MapWeight!E42<>"", $C$22*MapWeight!E42, "") | G41: =IF(MapWeight!F42<>"", $C$22*MapWeight!F42, "") | H41: =IF(MapWeight!G42<>"", $C$22*MapWeight!G42, "") | I41: =IF(MapWeight!H42<>"", $C$22*MapWeight!H42, "") -> 146.66667 | J41: =IF(MapWeight!I42<>"", $C$22*MapWeight!I42, "") | K41: =IF(MapWeight!J42<>"", $C$22*MapWeight!J42, "") | ... N41: =IF(MapWeight!M42<>"", $C$22*MapWeight!M42, "")
A42: CSC124 | C42: =AVERAGE(C43:C45) -> 63.333333 | D42: =IF(MapWeight!C43<>0, SUM(D43:D45)/MapWeight!C43, "") -> 77.5 | E42: =IF(MapWeight!D43<>0, SUM(E43:E45)/MapWeight!D43, "") -> 72.5 | F42: =IF(MapWeight!E43<>0, SUM(F43:F45)/MapWeight!E43, "") -> 73.333333 | G42: =IF(MapWeight!F43<>0, SUM(G43:G45)/MapWeight!F43, "") -> 77.5 | H42: =IF(MapWeight!G43<>0, SUM(H43:H45)/MapWeight!G43, "") -> 72.5 | I42: =IF(MapWeight!H43<>0, SUM(I43:I45)/MapWeight!H43, "") -> 73.333333 | J42: =IF(MapWeight!I43<>0, SUM(J43:J45)/MapWeight!I43, "") | K42: =IF(MapWeight!J43<>0, SUM(K43:K45)/MapWeight!J43, "") | ... N42: =IF(MapWeight!M43<>0, SUM(N43:N45)/MapWeight!M43, "") | O42: =AVERAGE(D42:N42) -> 74.444444
B43: CLO1 | C43: =CLO_Attainments!AD50 -> 65 | D43: =IF(MapWeight!C44<>"", $C$20*MapWeight!C44, "") -> 77.5 | E43: =IF(MapWeight!D44<>"", $C$20*MapWeight!D44, "") | F43: =IF(MapWeight!E44<>"", $C$20*MapWeight!E44, "") | G43: =IF(MapWeight!F44<>"", $C$20*MapWeight!F44, "") -> 77.5 | H43: =IF(MapWeight!G44<>"", $C$20*MapWeight!G44, "") | I43: =IF(MapWeight!H44<>"", $C$20*MapWeight!H44, "") | J43: =IF(MapWeight!I44<>"", $C$20*MapWeight!I44, "") | K43: =IF(MapWeight!J44<>"", $C$20*MapWeight!J44, "") | ... N43: =IF(MapWeight!M44<>"", $C$20*MapWeight!M44, "")
B44: CLO2 | C44: =CLO_Attainments!AE50 -> 62.5 | D44: =IF(MapWeight!C45<>"", $C$21*MapWeight!C45, "") | E44: =IF(MapWeight!D45<>"", $C$21*MapWeight!D45, "") -> 72.5 | F44: =IF(MapWeight!E45<>"", $C$21*MapWeight!E45, "") | G44: =IF(MapWeight!F45<>"", $C$21*MapWeight!F45, "") | H44: =IF(MapWeight!G45<>"", $C$21*MapWeight!G45, "") -> 72.5 | I44: =IF(MapWeight!H45<>"", $C$21*MapWeight!H45, "") | J44: =IF(MapWeight!I45<>"", $C$21*MapWeight!I45, "") | K44: =IF(MapWeight!J45<>"", $C$21*MapWeight!J45, "") | ... N44: =IF(MapWeight!M45<>"", $C$21*MapWeight!M45, "")
B45: CLO3 | C45: =CLO_Attainments!AF50 -> 62.5 | D45: =IF(MapWeight!C46<>"", $C$22*MapWeight!C46, "") | E45: =IF(MapWeight!D46<>"", $C$22*MapWeight!D46, "") | F45: =IF(MapWeight!E46<>"", $C$22*MapWeight!E46, "") -> 146.66667 | G45: =IF(MapWeight!F46<>"", $C$22*MapWeight!F46, "") | H45: =IF(MapWeight!G46<>"", $C$22*MapWeight!G46, "") | I45: =IF(MapWeight!H46<>"", $C$22*MapWeight!H46, "") -> 146.66667 | J45: =IF(MapWeight!I46<>"", $C$22*MapWeight!I46, "") | K45: =IF(MapWeight!J46<>"", $C$22*MapWeight!J46, "") | ... N45: =IF(MapWeight!M46<>"", $C$22*MapWeight!M46, "")
A46: CSC130 | C46: =AVERAGE(C47:C49) -> 68.333333 | D46: =IF(MapWeight!C47<>0, SUM(D47:D49)/MapWeight!C47, "") -> 77.5 | E46: =IF(MapWeight!D47<>0, SUM(E47:E49)/MapWeight!D47, "") -> 72.5 | F46: =IF(MapWeight!E47<>0, SUM(F47:F49)/MapWeight!E47, "") -> 73.333333 | G46: =IF(MapWeight!F47<>0, SUM(G47:G49)/MapWeight!F47, "") | H46: =IF(MapWeight!G47<>0, SUM(H47:H49)/MapWeight!G47, "") | I46: =IF(MapWeight!H47<>0, SUM(I47:I49)/MapWeight!H47, "") | J46: =IF(MapWeight!I47<>0, SUM(J47:J49)/MapWeight!I47, "") | K46: =IF(MapWeight!J47<>0, SUM(K47:K49)/MapWeight!J47, "") | ... N46: =IF(MapWeight!M47<>0, SUM(N47:N49)/MapWeight!M47, "") | O46: =AVERAGE(D46:N46) -> 74.444444
B47: CLO1 | C47: =CLO_Attainments!AG50 -> 70 | D47: =IF(MapWeight!C48<>"", $C$20*MapWeight!C48, "") -> 77.5 | E47: =IF(MapWeight!D48<>"", $C$20*MapWeight!D48, "") | F47: =IF(MapWeight!E48<>"", $C$20*MapWeight!E48, "") | G47: =IF(MapWeight!F48<>"", $C$20*MapWeight!F48, "") | H47: =IF(MapWeight!G48<>"", $C$20*MapWeight!G48, "") | I47: =IF(MapWeight!H48<>"", $C$20*MapWeight!H48, "") | J47: =IF(MapWeight!I48<>"", $C$20*MapWeight!I48, "") | K47: =IF(MapWeight!J48<>"", $C$20*MapWeight!J48, "") | ... N47: =IF(MapWeight!M48<>"", $C$20*MapWeight!M48, "")
B48: CLO2 | C48: =CLO_Attainments!AH50 -> 67.5 | D48: =IF(MapWeight!C49<>"", $C$21*MapWeight!C49, "") | E48: =IF(MapWeight!D49<>"", $C$21*MapWeight!D49, "") -> 72.5 | F48: =IF(MapWeight!E49<>"", $C$21*MapWeight!E49, "") | G48: =IF(MapWeight!F49<>"", $C$21*MapWeight!F49, "") | H48: =IF(MapWeight!G49<>"", $C$21*MapWeight!G49, "") | I48: =IF(MapWeight!H49<>"", $C$21*MapWeight!H49, "") | J48: =IF(MapWeight!I49<>"", $C$21*MapWeight!I49, "") | K48: =IF(MapWeight!J49<>"", $C$21*MapWeight!J49, "") | ... N48: =IF(MapWeight!M49<>"", $C$21*MapWeight!M49, "")
B49: CLO3 | C49: =CLO_Attainments!AI50 -> 67.5 | D49: =IF(MapWeight!C50<>"", $C$22*MapWeight!C50, "") | E49: =IF(MapWeight!D50<>"", $C$22*MapWeight!D50, "") | F49: =IF(MapWeight!E50<>"", $C$22*MapWeight!E50, "") -> 146.66667 | G49: =IF(MapWeight!F50<>"", $C$22*MapWeight!F50, "") | H49: =IF(MapWeight!G50<>"", $C$22*MapWeight!G50, "") | I49: =IF(MapWeight!H50<>"", $C$22*MapWeight!H50, "") | J49: =IF(MapWeight!I50<>"", $C$22*MapWeight!I50, "") | K49: =IF(MapWeight!J50<>"", $C$22*MapWeight!J50, "") | ... N49: =IF(MapWeight!M50<>"", $C$22*MapWeight!M50, "")
A50: CSC133 | C50: =AVERAGE(C51:C53) -> 78.333333 | D50: =IF(MapWeight!C51<>0, SUM(D51:D53)/MapWeight!C51, "") -> 77.5 | E50: =IF(MapWeight!D51<>0, SUM(E51:E53)/MapWeight!D51, "") -> 72.5 | F50: =IF(MapWeight!E51<>0, SUM(F51:F53)/MapWeight!E51, "") -> 73.333333 | G50: =IF(MapWeight!F51<>0, SUM(G51:G53)/MapWeight!F51, "") -> 77.5 | H50: =IF(MapWeight!G51<>0, SUM(H51:H53)/MapWeight!G51, "") -> 72.5 | I50: =IF(MapWeight!H51<>0, SUM(I51:I53)/MapWeight!H51, "") -> 73.333333 | J50: =IF(MapWeight!I51<>0, SUM(J51:J53)/MapWeight!I51, "") | K50: =IF(MapWeight!J51<>0, SUM(K51:K53)/MapWeight!J51, "") -> 72.5 | ... N50: =IF(MapWeight!M51<>0, SUM(N51:N53)/MapWeight!M51, "") | O50: =AVERAGE(D50:N50) -> 74.166667
B51: CLO1 | C51: =CLO_Attainments!AJ50 -> 90 | D51: =IF(MapWeight!C52<>"", $C$20*MapWeight!C52, "") -> 77.5 | E51: =IF(MapWeight!D52<>"", $C$20*MapWeight!D52, "") | F51: =IF(MapWeight!E52<>"", $C$20*MapWeight!E52, "") | G51: =IF(MapWeight!F52<>"", $C$20*MapWeight!F52, "") -> 77.5 | H51: =IF(MapWeight!G52<>"", $C$20*MapWeight!G52, "") | I51: =IF(MapWeight!H52<>"", $C$20*MapWeight!H52, "") | J51: =IF(MapWeight!I52<>"", $C$20*MapWeight!I52, "") | K51: =IF(MapWeight!J52<>"", $C$20*MapWeight!J52, "") | ... N51: =IF(MapWeight!M52<>"", $C$20*MapWeight!M52, "")
B52: CLO2 | C52: =CLO_Attainments!AK50 -> 72.5 | D52: =IF(MapWeight!C53<>"", $C$21*MapWeight!C53, "") | E52: =IF(MapWeight!D53<>"", $C$21*MapWeight!D53, "") -> 72.5 | F52: =IF(MapWeight!E53<>"", $C$21*MapWeight!E53, "") | G52: =IF(MapWeight!F53<>"", $C$21*MapWeight!F53, "") | H52: =IF(MapWeight!G53<>"", $C$21*MapWeight!G53, "") -> 72.5 | I52: =IF(MapWeight!H53<>"", $C$21*MapWeight!H53, "") | J52: =IF(MapWeight!I53<>"", $C$21*MapWeight!I53, "") | K52: =IF(MapWeight!J53<>"", $C$21*MapWeight!J53, "") -> 145 | ... N52: =IF(MapWeight!M53<>"", $C$21*MapWeight!M53, "")
B53: CLO3 | C53: =CLO_Attainments!AL50 -> 72.5 | D53: =IF(MapWeight!C54<>"", $C$22*MapWeight!C54, "") | E53: =IF(MapWeight!D54<>"", $C$22*MapWeight!D54, "") | F53: =IF(MapWeight!E54<>"", $C$22*MapWeight!E54, "") -> 146.66667 | G53: =IF(MapWeight!F54<>"", $C$22*MapWeight!F54, "") | H53: =IF(MapWeight!G54<>"", $C$22*MapWeight!G54, "") | I53: =IF(MapWeight!H54<>"", $C$22*MapWeight!H54, "") -> 146.66667 | J53: =IF(MapWeight!I54<>"", $C$22*MapWeight!I54, "") | K53: =IF(MapWeight!J54<>"", $C$22*MapWeight!J54, "") | ... N53: =IF(MapWeight!M54<>"", $C$22*MapWeight!M54, "")
A54: CSC142 | C54: =AVERAGE(C55:C57) -> 79.166667 | D54: =IF(MapWeight!C55<>0, SUM(D55:D57)/MapWeight!C55, "") -> 77.5 | E54: =IF(MapWeight!D55<>0, SUM(E55:E57)/MapWeight!D55, "") -> 72.5 | F54: =IF(MapWeight!E55<>0, SUM(F55:F57)/MapWeight!E55, "") -> 73.333333 | G54: =IF(MapWeight!F55<>0, SUM(G55:G57)/MapWeight!F55, "") -> 77.5 | H54: =IF(MapWeight!G55<>0, SUM(H55:H57)/MapWeight!G55, "") -> 72.5 | I54: =IF(MapWeight!H55<>0, SUM(I55:I57)/MapWeight!H55, "") -> 73.333333 | J54: =IF(MapWeight!I55<>0, SUM(J55:J57)/MapWeight!I55, "") | K54: =IF(MapWeight!J55<>0, SUM(K55:K57)/MapWeight!J55, "") | ... N54: =IF(MapWeight!M55<>0, SUM(N55:N57)/MapWeight!M55, "") | O54: =AVERAGE(D54:N54) -> 74.444444
B55: CLO1 | C55: =CLO_Attainments!AM50 -> 90 | D55: =IF(MapWeight!C56<>"", $C$20*MapWeight!C56, "") -> 77.5 | E55: =IF(MapWeight!D56<>"", $C$20*MapWeight!D56, "") | F55: =IF(MapWeight!E56<>"", $C$20*MapWeight!E56, "") | G55: =IF(MapWeight!F56<>"", $C$20*MapWeight!F56, "") -> 77.5 | H55: =IF(MapWeight!G56<>"", $C$20*MapWeight!G56, "") | I55: =IF(MapWeight!H56<>"", $C$20*MapWeight!H56, "") | J55: =IF(MapWeight!I56<>"", $C$20*MapWeight!I56, "") | K55: =IF(MapWeight!J56<>"", $C$20*MapWeight!J56, "") | ... N55: =IF(MapWeight!M56<>"", $C$20*MapWeight!M56, "")
B56: CLO2 | C56: =CLO_Attainments!AN50 -> 67.5 | D56: =IF(MapWeight!C57<>"", $C$21*MapWeight!C57, "") | E56: =IF(MapWeight!D57<>"", $C$21*MapWeight!D57, "") -> 72.5 | F56: =IF(MapWeight!E57<>"", $C$21*MapWeight!E57, "") | G56: =IF(MapWeight!F57<>"", $C$21*MapWeight!F57, "") | H56: =IF(MapWeight!G57<>"", $C$21*MapWeight!G57, "") -> 72.5 | I56: =IF(MapWeight!H57<>"", $C$21*MapWeight!H57, "") | J56: =IF(MapWeight!I57<>"", $C$21*MapWeight!I57, "") | K56: =IF(MapWeight!J57<>"", $C$21*MapWeight!J57, "") | ... N56: =IF(MapWeight!M57<>"", $C$21*MapWeight!M57, "")
B57: CLO3 | C57: =CLO_Attainments!AO50 -> 80 | D57: =IF(MapWeight!C58<>"", $C$22*MapWeight!C58, "") | E57: =IF(MapWeight!D58<>"", $C$22*MapWeight!D58, "") | F57: =IF(MapWeight!E58<>"", $C$22*MapWeight!E58, "") -> 73.333333 | G57: =IF(MapWeight!F58<>"", $C$22*MapWeight!F58, "") | H57: =IF(MapWeight!G58<>"", $C$22*MapWeight!G58, "") | I57: =IF(MapWeight!H58<>"", $C$22*MapWeight!H58, "") -> 73.333333 | J57: =IF(MapWeight!I58<>"", $C$22*MapWeight!I58, "") | K57: =IF(MapWeight!J58<>"", $C$22*MapWeight!J58, "") | ... N57: =IF(MapWeight!M58<>"", $C$22*MapWeight!M58, "")
A58: CSC145 | C58: =AVERAGE(C59:C61) -> 79.166667 | D58: =IF(MapWeight!C59<>0, SUM(D59:D61)/MapWeight!C59, "") -> 77.5 | E58: =IF(MapWeight!D59<>0, SUM(E59:E61)/MapWeight!D59, "") -> 72.5 | F58: =IF(MapWeight!E59<>0, SUM(F59:F61)/MapWeight!E59, "") -> 73.333333 | G58: =IF(MapWeight!F59<>0, SUM(G59:G61)/MapWeight!F59, "") -> 77.5 | H58: =IF(MapWeight!G59<>0, SUM(H59:H61)/MapWeight!G59, "") -> 72.5 | I58: =IF(MapWeight!H59<>0, SUM(I59:I61)/MapWeight!H59, "") -> 73.333333 | J58: =IF(MapWeight!I59<>0, SUM(J59:J61)/MapWeight!I59, "") | K58: =IF(MapWeight!J59<>0, SUM(K59:K61)/MapWeight!J59, "") | ... N58: =IF(MapWeight!M59<>0, SUM(N59:N61)/MapWeight!M59, "") | O58: =AVERAGE(D58:N58) -> 74.444444
B59: CLO1 | C59: =CLO_Attainments!AP50 -> 80 | D59: =IF(MapWeight!C60<>"", $C$20*MapWeight!C60, "") -> 77.5 | E59: =IF(MapWeight!D60<>"", $C$20*MapWeight!D60, "") | F59: =IF(MapWeight!E60<>"", $C$20*MapWeight!E60, "") | G59: =IF(MapWeight!F60<>"", $C$20*MapWeight!F60, "") -> 77.5 | H59: =IF(MapWeight!G60<>"", $C$20*MapWeight!G60, "") | I59: =IF(MapWeight!H60<>"", $C$20*MapWeight!H60, "") | J59: =IF(MapWeight!I60<>"", $C$20*MapWeight!I60, "") | K59: =IF(MapWeight!J60<>"", $C$20*MapWeight!J60, "") | ... N59: =IF(MapWeight!M60<>"", $C$20*MapWeight!M60, "")
B60: CLO2 | C60: =CLO_Attainments!AQ50 -> 85 | D60: =IF(MapWeight!C61<>"", $C$21*MapWeight!C61, "") | E60: =IF(MapWeight!D61<>"", $C$21*MapWeight!D61, "") -> 72.5 | F60: =IF(MapWeight!E61<>"", $C$21*MapWeight!E61, "") | G60: =IF(MapWeight!F61<>"", $C$21*MapWeight!F61, "") | H60: =IF(MapWeight!G61<>"", $C$21*MapWeight!G61, "") -> 72.5 | I60: =IF(MapWeight!H61<>"", $C$21*MapWeight!H61, "") | J60: =IF(MapWeight!I61<>"", $C$21*MapWeight!I61, "") | K60: =IF(MapWeight!J61<>"", $C$21*MapWeight!J61, "") | ... N60: =IF(MapWeight!M61<>"", $C$21*MapWeight!M61, "")
B61: CLO3 | C61: =CLO_Attainments!AR50 -> 72.5 | D61: =IF(MapWeight!C62<>"", $C$22*MapWeight!C62, "") | E61: =IF(MapWeight!D62<>"", $C$22*MapWeight!D62, "") | F61: =IF(MapWeight!E62<>"", $C$22*MapWeight!E62, "") -> 146.66667 | G61: =IF(MapWeight!F62<>"", $C$22*MapWeight!F62, "") | H61: =IF(MapWeight!G62<>"", $C$22*MapWeight!G62, "") | I61: =IF(MapWeight!H62<>"", $C$22*MapWeight!H62, "") -> 146.66667 | J61: =IF(MapWeight!I62<>"", $C$22*MapWeight!I62, "") | K61: =IF(MapWeight!J62<>"", $C$22*MapWeight!J62, "") | ... N61: =IF(MapWeight!M62<>"", $C$22*MapWeight!M62, "")
A62: CSC155 | C62: =AVERAGE(C63:C65) -> 79.166667 | D62: =IF(MapWeight!C63<>0, SUM(D63:D65)/MapWeight!C63, "") -> 77.5 | E62: =IF(MapWeight!D63<>0, SUM(E63:E65)/MapWeight!D63, "") -> 72.5 | F62: =IF(MapWeight!E63<>0, SUM(F63:F65)/MapWeight!E63, "") -> 73.333333 | G62: =IF(MapWeight!F63<>0, SUM(G63:G65)/MapWeight!F63, "") -> 77.5 | H62: =IF(MapWeight!G63<>0, SUM(H63:H65)/MapWeight!G63, "") -> 72.5 | I62: =IF(MapWeight!H63<>0, SUM(I63:I65)/MapWeight!H63, "") -> 73.333333 | J62: =IF(MapWeight!I63<>0, SUM(J63:J65)/MapWeight!I63, "") -> 77.5 | K62: =IF(MapWeight!J63<>0, SUM(K63:K65)/MapWeight!J63, "") -> 72.5 | ... N62: =IF(MapWeight!M63<>0, SUM(N63:N65)/MapWeight!M63, "") | O62: =AVERAGE(D62:N62) -> 74.583333
B63: CLO1 | C63: =CLO_Attainments!AS50 -> 77.5 | D63: =IF(MapWeight!C64<>"", $C$20*MapWeight!C64, "") -> 77.5 | E63: =IF(MapWeight!D64<>"", $C$20*MapWeight!D64, "") | F63: =IF(MapWeight!E64<>"", $C$20*MapWeight!E64, "") | G63: =IF(MapWeight!F64<>"", $C$20*MapWeight!F64, "") -> 77.5 | H63: =IF(MapWeight!G64<>"", $C$20*MapWeight!G64, "") | I63: =IF(MapWeight!H64<>"", $C$20*MapWeight!H64, "") | J63: =IF(MapWeight!I64<>"", $C$20*MapWeight!I64, "") -> 77.5 | K63: =IF(MapWeight!J64<>"", $C$20*MapWeight!J64, "") | ... N63: =IF(MapWeight!M64<>"", $C$20*MapWeight!M64, "")
B64: CLO2 | C64: =CLO_Attainments!AT50 -> 80 | D64: =IF(MapWeight!C65<>"", $C$21*MapWeight!C65, "") | E64: =IF(MapWeight!D65<>"", $C$21*MapWeight!D65, "") -> 145 | F64: =IF(MapWeight!E65<>"", $C$21*MapWeight!E65, "") | G64: =IF(MapWeight!F65<>"", $C$21*MapWeight!F65, "") | H64: =IF(MapWeight!G65<>"", $C$21*MapWeight!G65, "") -> 145 | I64: =IF(MapWeight!H65<>"", $C$21*MapWeight!H65, "") | J64: =IF(MapWeight!I65<>"", $C$21*MapWeight!I65, "") | K64: =IF(MapWeight!J65<>"", $C$21*MapWeight!J65, "") -> 145 | ... N64: =IF(MapWeight!M65<>"", $C$21*MapWeight!M65, "")
B65: CLO3 | C65: =CLO_Attainments!AU50 -> 80 | D65: =IF(MapWeight!C66<>"", $C$22*MapWeight!C66, "") | E65: =IF(MapWeight!D66<>"", $C$22*MapWeight!D66, "") | F65: =IF(MapWeight!E66<>"", $C$22*MapWeight!E66, "") -> 146.66667 | G65: =IF(MapWeight!F66<>"", $C$22*MapWeight!F66, "") | H65: =IF(MapWeight!G66<>"", $C$22*MapWeight!G66, "") | I65: =IF(MapWeight!H66<>"", $C$22*MapWeight!H66, "") -> 146.66667 | J65: =IF(MapWeight!I66<>"", $C$22*MapWeight!I66, "") | K65: =IF(MapWeight!J66<>"", $C$22*MapWeight!J66, "") | ... N65: =IF(MapWeight!M66<>"", $C$22*MapWeight!M66, "")
A66: CSC161 | C66: =AVERAGE(C67:C69) -> 70.833333 | D66: =IF(MapWeight!C67<>0, SUM(D67:D69)/MapWeight!C67, "") | E66: =IF(MapWeight!D67<>0, SUM(E67:E69)/MapWeight!D67, "") -> 77.5 | F66: =IF(MapWeight!E67<>0, SUM(F67:F69)/MapWeight!E67, "") -> 72.5 | G66: =IF(MapWeight!F67<>0, SUM(G67:G69)/MapWeight!F67, "") -> 73.333333 | H66: =IF(MapWeight!G67<>0, SUM(H67:H69)/MapWeight!G67, "") -> 73.333333 | I66: =IF(MapWeight!H67<>0, SUM(I67:I69)/MapWeight!H67, "") -> 73.333333 | J66: =IF(MapWeight!I67<>0, SUM(J67:J69)/MapWeight!I67, "") | K66: =IF(MapWeight!J67<>0, SUM(K67:K69)/MapWeight!J67, "") | ... N66: =IF(MapWeight!M67<>0, SUM(N67:N69)/MapWeight!M67, "") | O66: =AVERAGE(D66:N66) -> 74
B67: CLO1 | C67: =CLO_Attainments!AV50 -> 70 | D67: =IF(MapWeight!C68<>"", $C$20*MapWeight!C68, "") | E67: =IF(MapWeight!D68<>"", $C$20*MapWeight!D68, "") -> 77.5 | F67: =IF(MapWeight!E68<>"", $C$20*MapWeight!E68, "") | G67: =IF(MapWeight!F68<>"", $C$20*MapWeight!F68, "") | H67: =IF(MapWeight!G68<>"", $C$20*MapWeight!G68, "") | I67: =IF(MapWeight!H68<>"", $C$20*MapWeight!H68, "") | J67: =IF(MapWeight!I68<>"", $C$20*MapWeight!I68, "") | K67: =IF(MapWeight!J68<>"", $C$20*MapWeight!J68, "") | ... N67: =IF(MapWeight!M68<>"", $C$20*MapWeight!M68, "")
B68: CLO2 | C68: =CLO_Attainments!AW50 -> 72.5 | D68: =IF(MapWeight!C69<>"", $C$21*MapWeight!C69, "") | E68: =IF(MapWeight!D69<>"", $C$21*MapWeight!D69, "") | F68: =IF(MapWeight!E69<>"", $C$21*MapWeight!E69, "") -> 72.5 | G68: =IF(MapWeight!F69<>"", $C$21*MapWeight!F69, "") | H68: =IF(MapWeight!G69<>"", $C$21*MapWeight!G69, "") | I68: =IF(MapWeight!H69<>"", $C$21*MapWeight!H69, "") | J68: =IF(MapWeight!I69<>"", $C$21*MapWeight!I69, "") | K68: =IF(MapWeight!J69<>"", $C$21*MapWeight!J69, "") | ... N68: =IF(MapWeight!M69<>"", $C$21*MapWeight!M69, "")
B69: CLO3 | C69: =CLO_Attainments!AX50 -> 70 | D69: =IF(MapWeight!C70<>"", $C$22*MapWeight!C70, "") | E69: =IF(MapWeight!D70<>"", $C$22*MapWeight!D70, "") | F69: =IF(MapWeight!E70<>"", $C$22*MapWeight!E70, "") | G69: =IF(MapWeight!F70<>"", $C$22*MapWeight!F70, "") -> 146.66667 | H69: =IF(MapWeight!G70<>"", $C$22*MapWeight!G70, "") -> 146.66667 | I69: =IF(MapWeight!H70<>"", $C$22*MapWeight!H70, "") -> 146.66667 | J69: =IF(MapWeight!I70<>"", $C$22*MapWeight!I70, "") | K69: =IF(MapWeight!J70<>"", $C$22*MapWeight!J70, "") | ... N69: =IF(MapWeight!M70<>"", $C$22*MapWeight!M70, "")
A70: CSC171 | C70: =AVERAGE(C71:C73) -> 70 | D70: =IF(MapWeight!C71<>0, SUM(D71:D73)/MapWeight!C71, "") -> 77.5 | E70: =IF(MapWeight!D71<>0, SUM(E71:E73)/MapWeight!D71, "") -> 72.5 | F70: =IF(MapWeight!E71<>0, SUM(F71:F73)/MapWeight!E71, "") -> 73.333333 | G70: =IF(MapWeight!F71<>0, SUM(G71:G73)/MapWeight!F71, "") -> 72.5 | H70: =IF(MapWeight!G71<>0, SUM(H71:H73)/MapWeight!G71, "") -> 73.333333 | I70: =IF(MapWeight!H71<>0, SUM(I71:I73)/MapWeight!H71, "") -> 73.333333 | J70: =IF(MapWeight!I71<>0, SUM(J71:J73)/MapWeight!I71, "") | K70: =IF(MapWeight!J71<>0, SUM(K71:K73)/MapWeight!J71, "") | ... N70: =IF(MapWeight!M71<>0, SUM(N71:N73)/MapWeight!M71, "") | O70: =AVERAGE(D70:N70) -> 73.75
B71: CLO1 | C71: =CLO_Attainments!AY50 -> 72.5 | D71: =IF(MapWeight!C72<>"", $C$20*MapWeight!C72, "") -> 77.5 | E71: =IF(MapWeight!D72<>"", $C$20*MapWeight!D72, "") | F71: =IF(MapWeight!E72<>"", $C$20*MapWeight!E72, "") | G71: =IF(MapWeight!F72<>"", $C$20*MapWeight!F72, "") | H71: =IF(MapWeight!G72<>"", $C$20*MapWeight!G72, "") | I71: =IF(MapWeight!H72<>"", $C$20*MapWeight!H72, "") | J71: =IF(MapWeight!I72<>"", $C$20*MapWeight!I72, "") | K71: =IF(MapWeight!J72<>"", $C$20*MapWeight!J72, "") | ... N71: =IF(MapWeight!M72<>"", $C$20*MapWeight!M72, "")
B72: CLO2 | C72: =CLO_Attainments!AZ50 -> 75 | D72: =IF(MapWeight!C73<>"", $C$21*MapWeight!C73, "") | E72: =IF(MapWeight!D73<>"", $C$21*MapWeight!D73, "") -> 145 | F72: =IF(MapWeight!E73<>"", $C$21*MapWeight!E73, "") | G72: =IF(MapWeight!F73<>"", $C$21*MapWeight!F73, "") -> 217.5 | H72: =IF(MapWeight!G73<>"", $C$21*MapWeight!G73, "") | I72: =IF(MapWeight!H73<>"", $C$21*MapWeight!H73, "") | J72: =IF(MapWeight!I73<>"", $C$21*MapWeight!I73, "") | K72: =IF(MapWeight!J73<>"", $C$21*MapWeight!J73, "") | ... N72: =IF(MapWeight!M73<>"", $C$21*MapWeight!M73, "")
B73: CLO3 | C73: =CLO_Attainments!BA50 -> 62.5 | D73: =IF(MapWeight!C74<>"", $C$22*MapWeight!C74, "") | E73: =IF(MapWeight!D74<>"", $C$22*MapWeight!D74, "") | F73: =IF(MapWeight!E74<>"", $C$22*MapWeight!E74, "") -> 220 | G73: =IF(MapWeight!F74<>"", $C$22*MapWeight!F74, "") | H73: =IF(MapWeight!G74<>"", $C$22*MapWeight!G74, "") -> 220 | I73: =IF(MapWeight!H74<>"", $C$22*MapWeight!H74, "") -> 220 | J73: =IF(MapWeight!I74<>"", $C$22*MapWeight!I74, "") | K73: =IF(MapWeight!J74<>"", $C$22*MapWeight!J74, "") | ... N73: =IF(MapWeight!M74<>"", $C$22*MapWeight!M74, "")
A74: CSC175 | C74: =AVERAGE(C75:C77) -> 77.5 | D74: =IF(MapWeight!C75<>0, SUM(D75:D77)/MapWeight!C75, "") | E74: =IF(MapWeight!D75<>0, SUM(E75:E77)/MapWeight!D75, "") | F74: =IF(MapWeight!E75<>0, SUM(F75:F77)/MapWeight!E75, "") -> 77.5 | G74: =IF(MapWeight!F75<>0, SUM(G75:G77)/MapWeight!F75, "") -> 72.5 | H74: =IF(MapWeight!G75<>0, SUM(H75:H77)/MapWeight!G75, "") -> 73.333333 | I74: =IF(MapWeight!H75<>0, SUM(I75:I77)/MapWeight!H75, "") -> 73.333333 | J74: =IF(MapWeight!I75<>0, SUM(J75:J77)/MapWeight!I75, "") | K74: =IF(MapWeight!J75<>0, SUM(K75:K77)/MapWeight!J75, "") | ... N74: =IF(MapWeight!M75<>0, SUM(N75:N77)/MapWeight!M75, "") | O74: =AVERAGE(D74:N74) -> 74.166667
B75: CLO1 | C75: =CLO_Attainments!BB50 -> 72.5 | D75: =IF(MapWeight!C76<>"", $C$20*MapWeight!C76, "") | E75: =IF(MapWeight!D76<>"", $C$20*MapWeight!D76, "") | F75: =IF(MapWeight!E76<>"", $C$20*MapWeight!E76, "") -> 232.5 | G75: =IF(MapWeight!F76<>"", $C$20*MapWeight!F76, "") | H75: =IF(MapWeight!G76<>"", $C$20*MapWeight!G76, "") | I75: =IF(MapWeight!H76<>"", $C$20*MapWeight!H76, "") | J75: =IF(MapWeight!I76<>"", $C$20*MapWeight!I76, "") | K75: =IF(MapWeight!J76<>"", $C$20*MapWeight!J76, "") | ... N75: =IF(MapWeight!M76<>"", $C$20*MapWeight!M76, "")
B76: CLO2 | C76: =CLO_Attainments!BC50 -> 75 | D76: =IF(MapWeight!C77<>"", $C$21*MapWeight!C77, "") | E76: =IF(MapWeight!D77<>"", $C$21*MapWeight!D77, "") | F76: =IF(MapWeight!E77<>"", $C$21*MapWeight!E77, "") | G76: =IF(MapWeight!F77<>"", $C$21*MapWeight!F77, "") -> 217.5 | H76: =IF(MapWeight!G77<>"", $C$21*MapWeight!G77, "") | I76: =IF(MapWeight!H77<>"", $C$21*MapWeight!H77, "") | J76: =IF(MapWeight!I77<>"", $C$21*MapWeight!I77, "") | K76: =IF(MapWeight!J77<>"", $C$21*MapWeight!J77, "") | ... N76: =IF(MapWeight!M77<>"", $C$21*MapWeight!M77, "")
B77: CLO3 | C77: =CLO_Attainments!BD50 -> 85 | D77: =IF(MapWeight!C78<>"", $C$22*MapWeight!C78, "") | E77: =IF(MapWeight!D78<>"", $C$22*MapWeight!D78, "") | F77: =IF(MapWeight!E78<>"", $C$22*MapWeight!E78, "") | G77: =IF(MapWeight!F78<>"", $C$22*MapWeight!F78, "") | H77: =IF(MapWeight!G78<>"", $C$22*MapWeight!G78, "") -> 220 | I77: =IF(MapWeight!H78<>"", $C$22*MapWeight!H78, "") -> 220 | J77: =IF(MapWeight!I78<>"", $C$22*MapWeight!I78, "") | K77: =IF(MapWeight!J78<>"", $C$22*MapWeight!J78, "") | ... N77: =IF(MapWeight!M78<>"", $C$22*MapWeight!M78, "")
A78: CSC181 | C78: =AVERAGE(C79:C81) -> 75 | D78: =IF(MapWeight!C79<>0, SUM(D79:D81)/MapWeight!C79, "") | E78: =IF(MapWeight!D79<>0, SUM(E79:E81)/MapWeight!D79, "") | F78: =IF(MapWeight!E79<>0, SUM(F79:F81)/MapWeight!E79, "") -> 77.5 | G78: =IF(MapWeight!F79<>0, SUM(G79:G81)/MapWeight!F79, "") | H78: =IF(MapWeight!G79<>0, SUM(H79:H81)/MapWeight!G79, "") | I78: =IF(MapWeight!H79<>0, SUM(I79:I81)/MapWeight!H79, "") -> 72.5 | J78: =IF(MapWeight!I79<>0, SUM(J79:J81)/MapWeight!I79, "") -> 74.444444 | K78: =IF(MapWeight!J79<>0, SUM(K79:K81)/MapWeight!J79, "") | ... N78: =IF(MapWeight!M79<>0, SUM(N79:N81)/MapWeight!M79, "") | O78: =AVERAGE(D78:N78) -> 74.444444
B79: CLO1 | C79: =CLO_Attainments!BE50 -> 75 | D79: =IF(MapWeight!C80<>"", $C$20*MapWeight!C80, "") | E79: =IF(MapWeight!D80<>"", $C$20*MapWeight!D80, "") | F79: =IF(MapWeight!E80<>"", $C$20*MapWeight!E80, "") -> 232.5 | G79: =IF(MapWeight!F80<>"", $C$20*MapWeight!F80, "") | H79: =IF(MapWeight!G80<>"", $C$20*MapWeight!G80, "") | I79: =IF(MapWeight!H80<>"", $C$20*MapWeight!H80, "") | J79: =IF(MapWeight!I80<>"", $C$20*MapWeight!I80, "") -> 155 | K79: =IF(MapWeight!J80<>"", $C$20*MapWeight!J80, "") | ... N79: =IF(MapWeight!M80<>"", $C$20*MapWeight!M80, "")
B80: CLO2 | C80: =CLO_Attainments!BF50 -> 82.5 | D80: =IF(MapWeight!C81<>"", $C$21*MapWeight!C81, "") | E80: =IF(MapWeight!D81<>"", $C$21*MapWeight!D81, "") | F80: =IF(MapWeight!E81<>"", $C$21*MapWeight!E81, "") | G80: =IF(MapWeight!F81<>"", $C$21*MapWeight!F81, "") | H80: =IF(MapWeight!G81<>"", $C$21*MapWeight!G81, "") | I80: =IF(MapWeight!H81<>"", $C$21*MapWeight!H81, "") -> 217.5 | J80: =IF(MapWeight!I81<>"", $C$21*MapWeight!I81, "") -> 145 | K80: =IF(MapWeight!J81<>"", $C$21*MapWeight!J81, "") | ... N80: =IF(MapWeight!M81<>"", $C$21*MapWeight!M81, "")
B81: CLO3 | C81: =CLO_Attainments!BG50 -> 67.5 | D81: =IF(MapWeight!C82<>"", $C$22*MapWeight!C82, "") | E81: =IF(MapWeight!D82<>"", $C$22*MapWeight!D82, "") | F81: =IF(MapWeight!E82<>"", $C$22*MapWeight!E82, "") | G81: =IF(MapWeight!F82<>"", $C$22*MapWeight!F82, "") | H81: =IF(MapWeight!G82<>"", $C$22*MapWeight!G82, "") | I81: =IF(MapWeight!H82<>"", $C$22*MapWeight!H82, "") | J81: =IF(MapWeight!I82<>"", $C$22*MapWeight!I82, "") -> 146.66667 | K81: =IF(MapWeight!J82<>"", $C$22*MapWeight!J82, "") | ... N81: =IF(MapWeight!M82<>"", $C$22*MapWeight!M82, "")
A82: CSC186 | C82: =AVERAGE(C83:C85) -> 71.666667 | D82: =IF(MapWeight!C83<>0, SUM(D83:D85)/MapWeight!C83, "") | E82: =IF(MapWeight!D83<>0, SUM(E83:E85)/MapWeight!D83, "") | F82: =IF(MapWeight!E83<>0, SUM(F83:F85)/MapWeight!E83, "") | G82: =IF(MapWeight!F83<>0, SUM(G83:G85)/MapWeight!F83, "") -> 77.5 | H82: =IF(MapWeight!G83<>0, SUM(H83:H85)/MapWeight!G83, "") -> 72.5 | I82: =IF(MapWeight!H83<>0, SUM(I83:I85)/MapWeight!H83, "") -> 73.333333 | J82: =IF(MapWeight!I83<>0, SUM(J83:J85)/MapWeight!I83, "") -> 74.444444 | K82: =IF(MapWeight!J83<>0, SUM(K83:K85)/MapWeight!J83, "") -> 73.333333 | ... N82: =IF(MapWeight!M83<>0, SUM(N83:N85)/MapWeight!M83, "") | O82: =AVERAGE(D82:N82) -> 74.074074
B83: CLO1 | C83: =CLO_Attainments!BH50 -> 72.5 | D83: =IF(MapWeight!C84<>"", $C$20*MapWeight!C84, "") | E83: =IF(MapWeight!D84<>"", $C$20*MapWeight!D84, "") | F83: =IF(MapWeight!E84<>"", $C$20*MapWeight!E84, "") | G83: =IF(MapWeight!F84<>"", $C$20*MapWeight!F84, "") -> 77.5 | H83: =IF(MapWeight!G84<>"", $C$20*MapWeight!G84, "") | I83: =IF(MapWeight!H84<>"", $C$20*MapWeight!H84, "") | J83: =IF(MapWeight!I84<>"", $C$20*MapWeight!I84, "") -> 155 | K83: =IF(MapWeight!J84<>"", $C$20*MapWeight!J84, "") | ... N83: =IF(MapWeight!M84<>"", $C$20*MapWeight!M84, "")
B84: CLO2 | C84: =CLO_Attainments!BI50 -> 67.5 | D84: =IF(MapWeight!C85<>"", $C$21*MapWeight!C85, "") | E84: =IF(MapWeight!D85<>"", $C$21*MapWeight!D85, "") | F84: =IF(MapWeight!E85<>"", $C$21*MapWeight!E85, "") | G84: =IF(MapWeight!F85<>"", $C$21*MapWeight!F85, "") | H84: =IF(MapWeight!G85<>"", $C$21*MapWeight!G85, "") -> 145 | I84: =IF(MapWeight!H85<>"", $C$21*MapWeight!H85, "") | J84: =IF(MapWeight!I85<>"", $C$21*MapWeight!I85, "") -> 145 | K84: =IF(MapWeight!J85<>"", $C$21*MapWeight!J85, "") | ... N84: =IF(MapWeight!M85<>"", $C$21*MapWeight!M85, "")
B85: CLO3 | C85: =CLO_Attainments!BJ50 -> 75 | D85: =IF(MapWeight!C86<>"", $C$22*MapWeight!C86, "") | E85: =IF(MapWeight!D86<>"", $C$22*MapWeight!D86, "") | F85: =IF(MapWeight!E86<>"", $C$22*MapWeight!E86, "") | G85: =IF(MapWeight!F86<>"", $C$22*MapWeight!F86, "") | H85: =IF(MapWeight!G86<>"", $C$22*MapWeight!G86, "") | I85: =IF(MapWeight!H86<>"", $C$22*MapWeight!H86, "") -> 220 | J85: =IF(MapWeight!I86<>"", $C$22*MapWeight!I86, "") -> 146.66667 | K85: =IF(MapWeight!J86<>"", $C$22*MapWeight!J86, "") -> 146.66667 | ... N85: =IF(MapWeight!M86<>"", $C$22*MapWeight!M86, "")
A86: CSC193 | C86: =AVERAGE(C87:C89) -> 67.5 | D86: =IF(MapWeight!C87<>0, SUM(D87:D89)/MapWeight!C87, "") -> 77.5 | E86: =IF(MapWeight!D87<>0, SUM(E87:E89)/MapWeight!D87, "") -> 72.5 | F86: =IF(MapWeight!E87<>0, SUM(F87:F89)/MapWeight!E87, "") -> 73.333333 | G86: =IF(MapWeight!F87<>0, SUM(G87:G89)/MapWeight!F87, "") -> 77.5 | H86: =IF(MapWeight!G87<>0, SUM(H87:H89)/MapWeight!G87, "") -> 72.5 | I86: =IF(MapWeight!H87<>0, SUM(I87:I89)/MapWeight!H87, "") | J86: =IF(MapWeight!I87<>0, SUM(J87:J89)/MapWeight!I87, "") | K86: =IF(MapWeight!J87<>0, SUM(K87:K89)/MapWeight!J87, "") | ... N86: =IF(MapWeight!M87<>0, SUM(N87:N89)/MapWeight!M87, "") | O86: =AVERAGE(D86:N86) -> 74.666667
B87: CLO1 | C87: =CLO_Attainments!BK50 -> 60 | D87: =IF(MapWeight!C88<>"", $C$20*MapWeight!C88, "") -> 77.5 | E87: =IF(MapWeight!D88<>"", $C$20*MapWeight!D88, "") | F87: =IF(MapWeight!E88<>"", $C$20*MapWeight!E88, "") | G87: =IF(MapWeight!F88<>"", $C$20*MapWeight!F88, "") -> 77.5 | H87: =IF(MapWeight!G88<>"", $C$20*MapWeight!G88, "") | I87: =IF(MapWeight!H88<>"", $C$20*MapWeight!H88, "") | J87: =IF(MapWeight!I88<>"", $C$20*MapWeight!I88, "") | K87: =IF(MapWeight!J88<>"", $C$20*MapWeight!J88, "") | ... N87: =IF(MapWeight!M88<>"", $C$20*MapWeight!M88, "")
B88: CLO2 | C88: =CLO_Attainments!BL50 -> 70 | D88: =IF(MapWeight!C89<>"", $C$21*MapWeight!C89, "") | E88: =IF(MapWeight!D89<>"", $C$21*MapWeight!D89, "") -> 145 | F88: =IF(MapWeight!E89<>"", $C$21*MapWeight!E89, "") | G88: =IF(MapWeight!F89<>"", $C$21*MapWeight!F89, "") | H88: =IF(MapWeight!G89<>"", $C$21*MapWeight!G89, "") -> 145 | I88: =IF(MapWeight!H89<>"", $C$21*MapWeight!H89, "") | J88: =IF(MapWeight!I89<>"", $C$21*MapWeight!I89, "") | K88: =IF(MapWeight!J89<>"", $C$21*MapWeight!J89, "") | ... N88: =IF(MapWeight!M89<>"", $C$21*MapWeight!M89, "")
B89: CLO3 | C89: =CLO_Attainments!BM50 -> 72.5 | D89: =IF(MapWeight!C90<>"", $C$22*MapWeight!C90, "") | E89: =IF(MapWeight!D90<>"", $C$22*MapWeight!D90, "") | F89: =IF(MapWeight!E90<>"", $C$22*MapWeight!E90, "") -> 220 | G89: =IF(MapWeight!F90<>"", $C$22*MapWeight!F90, "") | H89: =IF(MapWeight!G90<>"", $C$22*MapWeight!G90, "") | I89: =IF(MapWeight!H90<>"", $C$22*MapWeight!H90, "") | J89: =IF(MapWeight!I90<>"", $C$22*MapWeight!I90, "") | K89: =IF(MapWeight!J90<>"", $C$22*MapWeight!J90, "") | ... N89: =IF(MapWeight!M90<>"", $C$22*MapWeight!M90, "")
A90: Elective 1 (CSC153) | C90: =AVERAGE(C91:C93) -> 63.333333 | D90: =IF(MapWeight!C91<>0, SUM(D91:D93)/MapWeight!C91, "") -> 77.5 | E90: =IF(MapWeight!D91<>0, SUM(E91:E93)/MapWeight!D91, "") -> 72.5 | F90: =IF(MapWeight!E91<>0, SUM(F91:F93)/MapWeight!E91, "") -> 73.333333 | G90: =IF(MapWeight!F91<>0, SUM(G91:G93)/MapWeight!F91, "") -> 77.5 | H90: =IF(MapWeight!G91<>0, SUM(H91:H93)/MapWeight!G91, "") -> 72.5 | I90: =IF(MapWeight!H91<>0, SUM(I91:I93)/MapWeight!H91, "") -> 73.333333 | J90: =IF(MapWeight!I91<>0, SUM(J91:J93)/MapWeight!I91, "") | K90: =IF(MapWeight!J91<>0, SUM(K91:K93)/MapWeight!J91, "") | ... N90: =IF(MapWeight!M91<>0, SUM(N91:N93)/MapWeight!M91, "") | O90: =AVERAGE(D90:N90) -> 74.444444
B91: CLO1 | C91: =CLO_Attainments!BN50 -> 67.5 | D91: =IF(MapWeight!C92<>"", $C$20*MapWeight!C92, "") -> 155 | E91: =IF(MapWeight!D92<>"", $C$20*MapWeight!D92, "") | F91: =IF(MapWeight!E92<>"", $C$20*MapWeight!E92, "") | G91: =IF(MapWeight!F92<>"", $C$20*MapWeight!F92, "") -> 155 | H91: =IF(MapWeight!G92<>"", $C$20*MapWeight!G92, "") | I91: =IF(MapWeight!H92<>"", $C$20*MapWeight!H92, "") | J91: =IF(MapWeight!I92<>"", $C$20*MapWeight!I92, "") | K91: =IF(MapWeight!J92<>"", $C$20*MapWeight!J92, "") | ... N91: =IF(MapWeight!M92<>"", $C$20*MapWeight!M92, "")
B92: CLO2 | C92: =CLO_Attainments!BO50 -> 65 | D92: =IF(MapWeight!C93<>"", $C$21*MapWeight!C93, "") | E92: =IF(MapWeight!D93<>"", $C$21*MapWeight!D93, "") -> 145 | F92: =IF(MapWeight!E93<>"", $C$21*MapWeight!E93, "") | G92: =IF(MapWeight!F93<>"", $C$21*MapWeight!F93, "") | H92: =IF(MapWeight!G93<>"", $C$21*MapWeight!G93, "") -> 145 | I92: =IF(MapWeight!H93<>"", $C$21*MapWeight!H93, "") | J92: =IF(MapWeight!I93<>"", $C$21*MapWeight!I93, "") | K92: =IF(MapWeight!J93<>"", $C$21*MapWeight!J93, "") | ... N92: =IF(MapWeight!M93<>"", $C$21*MapWeight!M93, "")
B93: CLO3 | C93: =CLO_Attainments!BP50 -> 57.5 | D93: =IF(MapWeight!C94<>"", $C$22*MapWeight!C94, "") | E93: =IF(MapWeight!D94<>"", $C$22*MapWeight!D94, "") | F93: =IF(MapWeight!E94<>"", $C$22*MapWeight!E94, "") -> 220 | G93: =IF(MapWeight!F94<>"", $C$22*MapWeight!F94, "") | H93: =IF(MapWeight!G94<>"", $C$22*MapWeight!G94, "") | I93: =IF(MapWeight!H94<>"", $C$22*MapWeight!H94, "") -> 220 | J93: =IF(MapWeight!I94<>"", $C$22*MapWeight!I94, "") | K93: =IF(MapWeight!J94<>"", $C$22*MapWeight!J94, "") | ... N93: =IF(MapWeight!M94<>"", $C$22*MapWeight!M94, "")
A94: Elective 2 (CSC172) | C94: =AVERAGE(C95:C97) -> 75 | D94: =IF(MapWeight!C95<>0, SUM(D95:D97)/MapWeight!C95, "") -> 77.5 | E94: =IF(MapWeight!D95<>0, SUM(E95:E97)/MapWeight!D95, "") -> 72.5 | F94: =IF(MapWeight!E95<>0, SUM(F95:F97)/MapWeight!E95, "") -> 73.333333 | G94: =IF(MapWeight!F95<>0, SUM(G95:G97)/MapWeight!F95, "") -> 77.5 | H94: =IF(MapWeight!G95<>0, SUM(H95:H97)/MapWeight!G95, "") -> 72.5 | I94: =IF(MapWeight!H95<>0, SUM(I95:I97)/MapWeight!H95, "") -> 73.333333 | J94: =IF(MapWeight!I95<>0, SUM(J95:J97)/MapWeight!I95, "") | K94: =IF(MapWeight!J95<>0, SUM(K95:K97)/MapWeight!J95, "") | ... N94: =IF(MapWeight!M95<>0, SUM(N95:N97)/MapWeight!M95, "") | O94: =AVERAGE(D94:N94) -> 74.444444
B95: CLO1 | C95: =CLO_Attainments!BQ50 -> 75 | D95: =IF(MapWeight!C96<>"", $C$20*MapWeight!C96, "") -> 155 | E95: =IF(MapWeight!D96<>"", $C$20*MapWeight!D96, "") | F95: =IF(MapWeight!E96<>"", $C$20*MapWeight!E96, "") | G95: =IF(MapWeight!F96<>"", $C$20*MapWeight!F96, "") -> 155 | H95: =IF(MapWeight!G96<>"", $C$20*MapWeight!G96, "") | I95: =IF(MapWeight!H96<>"", $C$20*MapWeight!H96, "") | J95: =IF(MapWeight!I96<>"", $C$20*MapWeight!I96, "") | K95: =IF(MapWeight!J96<>"", $C$20*MapWeight!J96, "") | ... N95: =IF(MapWeight!M96<>"", $C$20*MapWeight!M96, "")
B96: CLO2 | C96: =CLO_Attainments!BR50 -> 75 | D96: =IF(MapWeight!C97<>"", $C$21*MapWeight!C97, "") | E96: =IF(MapWeight!D97<>"", $C$21*MapWeight!D97, "") -> 145 | F96: =IF(MapWeight!E97<>"", $C$21*MapWeight!E97, "") | G96: =IF(MapWeight!F97<>"", $C$21*MapWeight!F97, "") | H96: =IF(MapWeight!G97<>"", $C$21*MapWeight!G97, "") -> 145 | I96: =IF(MapWeight!H97<>"", $C$21*MapWeight!H97, "") | J96: =IF(MapWeight!I97<>"", $C$21*MapWeight!I97, "") | K96: =IF(MapWeight!J97<>"", $C$21*MapWeight!J97, "") | ... N96: =IF(MapWeight!M97<>"", $C$21*MapWeight!M97, "")
B97: CLO3 | C97: =CLO_Attainments!BS50 -> 75 | D97: =IF(MapWeight!C98<>"", $C$22*MapWeight!C98, "") | E97: =IF(MapWeight!D98<>"", $C$22*MapWeight!D98, "") | F97: =IF(MapWeight!E98<>"", $C$22*MapWeight!E98, "") -> 220 | G97: =IF(MapWeight!F98<>"", $C$22*MapWeight!F98, "") | H97: =IF(MapWeight!G98<>"", $C$22*MapWeight!G98, "") | I97: =IF(MapWeight!H98<>"", $C$22*MapWeight!H98, "") -> 220 | J97: =IF(MapWeight!I98<>"", $C$22*MapWeight!I98, "") | K97: =IF(MapWeight!J98<>"", $C$22*MapWeight!J98, "") | ... N97: =IF(MapWeight!M98<>"", $C$22*MapWeight!M98, "")
A98: Elective 3 (CSC173) | C98: =AVERAGE(C99:C101) -> 75 | D98: =IF(MapWeight!C99<>0, SUM(D99:D101)/MapWeight!C99, "") -> 77.5 | E98: =IF(MapWeight!D99<>0, SUM(E99:E101)/MapWeight!D99, "") -> 72.5 | F98: =IF(MapWeight!E99<>0, SUM(F99:F101)/MapWeight!E99, "") -> 75.416667 | G98: =IF(MapWeight!F99<>0, SUM(G99:G101)/MapWeight!F99, "") -> 77.5 | H98: =IF(MapWeight!G99<>0, SUM(H99:H101)/MapWeight!G99, "") -> 72.5 | I98: =IF(MapWeight!H99<>0, SUM(I99:I101)/MapWeight!H99, "") -> 73.333333 | J98: =IF(MapWeight!I99<>0, SUM(J99:J101)/MapWeight!I99, "") | K98: =IF(MapWeight!J99<>0, SUM(K99:K101)/MapWeight!J99, "") | ... N98: =IF(MapWeight!M99<>0, SUM(N99:N101)/MapWeight!M99, "") | O98: =AVERAGE(D98:N98) -> 74.791667
B99: CLO1 | C99: =CLO_Attainments!BT50 -> 70 | D99: =IF(MapWeight!C100<>"", $C$20*MapWeight!C100, "") -> 155 | E99: =IF(MapWeight!D100<>"", $C$20*MapWeight!D100, "") | F99: =IF(MapWeight!E100<>"", $C$20*MapWeight!E100, "") -> 232.5 | G99: =IF(MapWeight!F100<>"", $C$20*MapWeight!F100, "") -> 155 | H99: =IF(MapWeight!G100<>"", $C$20*MapWeight!G100, "") | I99: =IF(MapWeight!H100<>"", $C$20*MapWeight!H100, "") | J99: =IF(MapWeight!I100<>"", $C$20*MapWeight!I100, "") | K99: =IF(MapWeight!J100<>"", $C$20*MapWeight!J100, "") | ... N99: =IF(MapWeight!M100<>"", $C$20*MapWeight!M100, "")
B100: CLO2 | C100: =CLO_Attainments!BU50 -> 80 | D100: =IF(MapWeight!C101<>"", $C$21*MapWeight!C101, "") | E100: =IF(MapWeight!D101<>"", $C$21*MapWeight!D101, "") -> 145 | F100: =IF(MapWeight!E101<>"", $C$21*MapWeight!E101, "") | G100: =IF(MapWeight!F101<>"", $C$21*MapWeight!F101, "") | H100: =IF(MapWeight!G101<>"", $C$21*MapWeight!G101, "") -> 145 | I100: =IF(MapWeight!H101<>"", $C$21*MapWeight!H101, "") | J100: =IF(MapWeight!I101<>"", $C$21*MapWeight!I101, "") | K100: =IF(MapWeight!J101<>"", $C$21*MapWeight!J101, "") | ... N100: =IF(MapWeight!M101<>"", $C$21*MapWeight!M101, "")
...

Sheet PLO Attainment by Students
A1: Program Learning Outcomes (CLO) Attainment
A2: Batch 2022 to 2025
A3: ID No. | B3: Student Name | C3: Program Learning Outcome (PLO)
C4: PLO1 | D4: PLO2 | E4: PLO3 | F4: PLO4 | G4: PLO5 | H4: PLO6 | I4: PLO7 | J4: PLO8 | K4: PLO9 | L4: PLO10 | M4: PLO11
A6: {=CLO_Attainments!A6:B45} -> 2050-4522 | B6: María del Carmen Ibarra | C6: {=IF(MapWeight!$C$6<>0, SUMPRODUCT(TRANSPOSE(CLO_Attainments!C6:CH6), VSTACK(MapWeight!$C$8:$C$10, MapWeight!$C$12:$C$14, MapWeight!$C$16:$C$18, MapWeight!$C$20:$C$22, MapWeight!$C$24:$C$26, MapWeight!$C$28:$C$30, MapWeight!$C$32:$C$34, MapWeight!$C$36:$C$38, MapWeight!$C$40:$C$42, MapWeight!$C$44:$C$46, MapWeight!$C$48:$C$50, MapWeight!$C$52:$C$54, MapWeight!$C$56:$C$58, MapWeight!$C$60:$C$62, MapWeight!$C$64:$C$66, MapWeight!$C$68:$C$70, MapWeight!$C$72:$C$74, MapWeight!$C$76:$C$78, MapWeight!$C$80:$C$82, MapWeight!$C$84:$C$86, MapWeight!$C$88:$C$90, MapWeight!$C$92:$C$94, MapWeight!$C$96:$C$98, MapWeight!$C$100:$C$102, MapWeight!$C$104:$C$106, MapWeight!$C$108:$C$110, MapWeight!$C$112:$C$114, MapWeight!$C$116:$C$118) / MapWeight!$C$6), "")} -> 83.020833 | D6: {=IF(MapWeight!$D$6<>0, SUMPRODUCT(TRANSPOSE(CLO_Attainments!C6:CH6), VSTACK(MapWeight!$D$8:$D$10, MapWeight!$D$12:$D$14, MapWeight!$D$16:$D$18, MapWeight!$D$20:$D$22, MapWeight!$D$24:$D$26, MapWeight!$D$28:$D$30, MapWeight!$D$32:$D$34, MapWeight!$D$36:$D$38, MapWeight!$D$40:$D$42, MapWeight!$D$44:$D$46, MapWeight!$D$48:$D$50, MapWeight!$D$52:$D$54, MapWeight!$D$56:$D$58, MapWeight!$D$60:$D$62, MapWeight!$D$64:$D$66, MapWeight!$D$68:$D$70, MapWeight!$D$72:$D$74, MapWeight!$D$76:$D$78, MapWeight!$D$80:$D$82, MapWeight!$D$84:$D$86, MapWeight!$D$88:$D$90, MapWeight!$D$92:$D$94, MapWeight!$D$96:$D$98, MapWeight!$D$100:$D$102, MapWeight!$D$104:$D$106, MapWeight!$D$108:$D$110, MapWeight!$D$112:$D$114, MapWeight!$D$116:$D$118) / MapWeight!$D$6), "")} -> 80.615385 | E6: {=IF(MapWeight!$E$6<>0, SUMPRODUCT(TRANSPOSE(CLO_Attainments!C6:CH6), VSTACK(MapWeight!$E$8:$E$10, MapWeight!$E$12:$E$14, MapWeight!$E$16:$E$18, MapWeight!$E$20:$E$22, MapWeight!$E$24:$E$26, MapWeight!$E$28:$E$30, MapWeight!$E$32:$E$34, MapWeight!$E$36:$E$38, MapWeight!$E$40:$E$42, MapWeight!$E$44:$E$46, MapWeight!$E$48:$E$50, MapWeight!$E$52:$E$54, MapWeight!$E$56:$E$58, MapWeight!$E$60:$E$62, MapWeight!$E$64:$E$66, MapWeight!$E$68:$E$70, MapWeight!$E$72:$E$74, MapWeight!$E$76:$E$78, MapWeight!$E$80:$E$82, MapWeight!$E$84:$E$86, MapWeight!$E$88:$E$90, MapWeight!$E$92:$E$94, MapWeight!$E$96:$E$98, MapWeight!$E$100:$E$102, MapWeight!$E$104:$E$106, MapWeight!$E$108:$E$110, MapWeight!$E$112:$E$114, MapWeight!$E$116:$E$118) / MapWeight!$E$6), "")} -> 80.228571 | F6: {=IF(MapWeight!$F$6<>0, SUMPRODUCT(TRANSPOSE(CLO_Attainments!C6:CH6), VSTACK(MapWeight!$F$8:$F$10, MapWeight!$F$12:$F$14, MapWeight!$F$16:$F$18, MapWeight!$F$20:$F$22, MapWeight!$F$24:$F$26, MapWeight!$F$28:$F$30, MapWeight!$F$32:$F$34, MapWeight!$F$36:$F$38, MapWeight!$F$40:$F$42, MapWeight!$F$44:$F$46, MapWeight!$F$48:$F$50, MapWeight!$F$52:$F$54, MapWeight!$F$56:$F$58, MapWeight!$F$60:$F$62, MapWeight!$F$64:$F$66, MapWeight!$F$68:$F$70, MapWeight!$F$72:$F$74, MapWeight!$F$76:$F$78, MapWeight!$F$80:$F$82, MapWeight!$F$84:$F$86, MapWeight!$F$88:$F$90, MapWeight!$F$92:$F$94, MapWeight!$F$96:$F$98, MapWeight!$F$100:$F$102, MapWeight!$F$104:$F$106, MapWeight!$F$108:$F$110, MapWeight!$F$112:$F$114, MapWeight!$F$116:$F$118) / MapWeight!$F$6), "")} -> 80.723404 | G6: {=IF(MapWeight!$G$6<>0, SUMPRODUCT(TRANSPOSE(CLO_Attainments!C6:CH6), VSTACK(MapWeight!$G$8:$G$10, MapWeight!$G$12:$G$14, MapWeight!$G$16:$G$18, MapWeight!$G$20:$G$22, MapWeight!$G$24:$G$26, MapWeight!$G$28:$G$30, MapWeight!$G$32:$G$34, MapWeight!$G$36:$G$38, MapWeight!$G$40:$G$42, MapWeight!$G$44:$G$46, MapWeight!$G$48:$G$50, MapWeight!$G$52:$G$54, MapWeight!$G$56:$G$58, MapWeight!$G$60:$G$62, MapWeight!$G$64:$G$66, MapWeight!$G$68:$G$70, MapWeight!$G$72:$G$74, MapWeight!$G$76:$G$78, MapWeight!$G$80:$G$82, MapWeight!$G$84:$G$86, MapWeight!$G$88:$G$90, MapWeight!$G$92:$G$94, MapWeight!$G$96:$G$98, MapWeight!$G$100:$G$102, MapWeight!$G$104:$G$106, MapWeight!$G$108:$G$110, MapWeight!$G$112:$G$114, MapWeight!$G$116:$G$118) / MapWeight!$G$6), "")} -> 80.692308 | H6: {=IF(MapWeight!$H$6<>0, SUMPRODUCT(TRANSPOSE(CLO_Attainments!C6:CH6), VSTACK(MapWeight!$H$8:$H$10, MapWeight!$H$12:$H$14, MapWeight!$H$16:$H$18, MapWeight!$H$20:$H$22, MapWeight!$H$24:$H$26, MapWeight!$H$28:$H$30, MapWeight!$H$32:$H$34, MapWeight!$H$36:$H$38, MapWeight!$H$40:$H$42, MapWeight!$H$44:$H$46, MapWeight!$H$48:$H$50, MapWeight!$H$52:$H$54, MapWeight!$H$56:$H$58, MapWeight!$H$60:$H$62, MapWeight!$H$64:$H$66, MapWeight!$H$68:$H$70, MapWeight!$H$72:$H$74, MapWeight!$H$76:$H$78, MapWeight!$H$80:$H$82, MapWeight!$H$84:$H$86, MapWeight!$H$88:$H$90, MapWeight!$H$92:$H$94, MapWeight!$H$96:$H$98, MapWeight!$H$100:$H$102, MapWeight!$H$104:$H$106, MapWeight!$H$108:$H$110, MapWeight!$H$112:$H$114, MapWeight!$H$116:$H$118) / MapWeight!$H$6), "")} -> 82.633333 | I6: {=IF(MapWeight!$I$6<>0, SUMPRODUCT(TRANSPOSE(CLO_Attainments!C6:CH6), VSTACK(MapWeight!$I$8:$I$10, MapWeight!$I$12:$I$14, MapWeight!$I$16:$I$18, MapWeight!$I$20:$I$22, MapWeight!$I$24:$I$26, MapWeight!$I$28:$I$30, MapWeight!$I$32:$I$34, MapWeight!$I$36:$I$38, MapWeight!$I$40:$I$42, MapWeight!$I$44:$I$46, MapWeight!$I$48:$I$50, MapWeight!$I$52:$I$54, MapWeight!$I$56:$I$58, MapWeight!$I$60:$I$62, MapWeight!$I$64:$I$66, MapWeight!$I$68:$I$70, MapWeight!$I$72:$I$74, MapWeight!$I$76:$I$78, MapWeight!$I$80:$I$82, MapWeight!$I$84:$I$86, MapWeight!$I$88:$I$90, MapWeight!$I$92:$I$94, MapWeight!$I$96:$I$98, MapWeight!$I$100:$I$102, MapWeight!$I$104:$I$106, MapWeight!$I$108:$I$110, MapWeight!$I$112:$I$114, MapWeight!$I$116:$I$118) / MapWeight!$I$6), "")} -> 80.625 | J6: {=IF(MapWeight!$J$6<>0, SUMPRODUCT(TRANSPOSE(CLO_Attainments!C6:CH6), VSTACK(MapWeight!$J$8:$J$10, MapWeight!$J$12:$J$14, MapWeight!$J$16:$J$18, MapWeight!$J$20:$J$22, MapWeight!$J$24:$J$26, MapWeight!$J$28:$J$30, MapWeight!$J$32:$J$34, MapWeight!$J$36:$J$38, MapWeight!$J$40:$J$42, MapWeight!$J$44:$J$46, MapWeight!$J$48:$J$50, MapWeight!$J$52:$J$54, MapWeight!$J$56:$J$58, MapWeight!$J$60:$J$62, MapWeight!$J$64:$J$66, MapWeight!$J$68:$J$70, MapWeight!$J$72:$J$74, MapWeight!$J$76:$J$78, MapWeight!$J$80:$J$82, MapWeight!$J$84:$J$86, MapWeight!$J$88:$J$90, MapWeight!$J$92:$J$94, MapWeight!$J$96:$J$98, MapWeight!$J$100:$J$102, MapWeight!$J$104:$J$106, MapWeight!$J$108:$J$110, MapWeight!$J$112:$J$114, MapWeight!$J$116:$J$118) / MapWeight!$J$6), "")} -> 85.055556 | K6: {=IF(MapWeight!$K$6<>0, SUMPRODUCT(TRANSPOSE(CLO_Attainments!C6:CH6), VSTACK(MapWeight!$K$8:$K$10, MapWeight!$K$12:$K$14, MapWeight!$K$16:$K$18, MapWeight!$K$20:$K$22, MapWeight!$K$24:$K$26, MapWeight!$K$28:$K$30, MapWeight!$K$32:$K$34, MapWeight!$K$36:$K$38, MapWeight!$K$40:$K$42, MapWeight!$K$44:$K$46, MapWeight!$K$48:$K$50, MapWeight!$K$52:$K$54, MapWeight!$K$56:$K$58, MapWeight!$K$60:$K$62, MapWeight!$K$64:$K$66, MapWeight!$K$68:$K$70, MapWeight!$K$72:$K$74, MapWeight!$K$76:$K$78, MapWeight!$K$80:$K$82, MapWeight!$K$84:$K$86, MapWeight!$K$88:$K$90, MapWeight!$K$92:$K$94, MapWeight!$K$96:$K$98, MapWeight!$K$100:$K$102, MapWeight!$K$104:$K$106, MapWeight!$K$108:$K$110, MapWeight!$K$112:$K$114, MapWeight!$K$116:$K$118) / MapWeight!$K$6), "")} -> 83.828571 | L6: {=IF(MapWeight!$L$6<>0, SUMPRODUCT(TRANSPOSE(CLO_Attainments!C6:CH6), VSTACK(MapWeight!$L$8:$L$10, MapWeight!$L$12:$L$14, MapWeight!$L$16:$L$18, MapWeight!$L$20:$L$22, MapWeight!$L$24:$L$26, MapWeight!$L$28:$L$30, MapWeight!$L$32:$L$34, MapWeight!$L$36:$L$38, MapWeight!$L$40:$L$42, MapWeight!$L$44:$L$46, MapWeight!$L$48:$L$50, MapWeight!$L$52:$L$54, MapWeight!$L$56:$L$58, MapWeight!$L$60:$L$62, MapWeight!$L$64:$L$66, MapWeight!$L$68:$L$70, MapWeight!$L$72:$L$74, MapWeight!$L$76:$L$78, MapWeight!$L$80:$L$82, MapWeight!$L$84:$L$86, MapWeight!$L$88:$L$90, MapWeight!$L$92:$L$94, MapWeight!$L$96:$L$98, MapWeight!$L$100:$L$102, MapWeight!$L$104:$L$106, MapWeight!$L$108:$L$110, MapWeight!$L$112:$L$114, MapWeight!$L$116:$L$118) / MapWeight!$L$6), "")} -> 78.967742 | M6: {=IF(MapWeight!$M$6<>0, SUMPRODUCT(TRANSPOSE(CLO_Attainments!C6:CH6), VSTACK(MapWeight!$M$8:$M$10, MapWeight!$M$12:$M$14, MapWeight!$M$16:$M$18, MapWeight!$M$20:$M$22, MapWeight!$M$24:$M$26, MapWeight!$M$28:$M$30, MapWeight!$M$32:$M$34, MapWeight!$M$36:$M$38, MapWeight!$M$40:$M$42, MapWeight!$M$44:$M$46, MapWeight!$M$48:$M$50, MapWeight!$M$52:$M$54, MapWeight!$M$56:$M$58, MapWeight!$M$60:$M$62, MapWeight!$M$64:$M$66, MapWeight!$M$68:$M$70, MapWeight!$M$72:$M$74, MapWeight!$M$76:$M$78, MapWeight!$M$80:$M$82, MapWeight!$M$84:$M$86, MapWeight!$M$88:$M$90, MapWeight!$M$92:$M$94, MapWeight!$M$96:$M$98, MapWeight!$M$100:$M$102, MapWeight!$M$104:$M$106, MapWeight!$M$108:$M$110, MapWeight!$M$112:$M$114, MapWeight!$M$116:$M$118) / MapWeight!$M$6), "")} -> 83.027027
A7: 2050-2396 | B7: Federico Solís | C7: {=IF(MapWeight!$C$6<>0, SUMPRODUCT(TRANSPOSE(CLO_Attainments!C7:CH7), VSTACK(MapWeight!$C$8:$C$10, MapWeight!$C$12:$C$14, MapWeight!$C$16:$C$18, MapWeight!$C$20:$C$22, MapWeight!$C$24:$C$26, MapWeight!$C$28:$C$30, MapWeight!$C$32:$C$34, MapWeight!$C$36:$C$38, MapWeight!$C$40:$C$42, MapWeight!$C$44:$C$46, MapWeight!$C$48:$C$50, MapWeight!$C$52:$C$54, MapWeight!$C$56:$C$58, MapWeight!$C$60:$C$62, MapWeight!$C$64:$C$66, MapWeight!$C$68:$C$70, MapWeight!$C$72:$C$74, MapWeight!$C$76:$C$78, MapWeight!$C$80:$C$82, MapWeight!$C$84:$C$86, MapWeight!$C$88:$C$90, MapWeight!$C$92:$C$94, MapWeight!$C$96:$C$98, MapWeight!$C$100:$C$102, MapWeight!$C$104:$C$106, MapWeight!$C$108:$C$110, MapWeight!$C$112:$C$114, MapWeight!$C$116:$C$118) / MapWeight!$C$6), "")} -> 81.125 | D7: {=IF(MapWeight!$D$6<>0, SUMPRODUCT(TRANSPOSE(CLO_Attainments!C7:CH7), VSTACK(MapWeight!$D$8:$D$10, MapWeight!$D$12:$D$14, MapWeight!$D$16:$D$18, MapWeight!$D$20:$D$22, MapWeight!$D$24:$D$26, MapWeight!$D$28:$D$30, MapWeight!$D$32:$D$34, MapWeight!$D$36:$D$38, MapWeight!$D$40:$D$42, MapWeight!$D$44:$D$46, MapWeight!$D$48:$D$50, MapWeight!$D$52:$D$54, MapWeight!$D$56:$D$58, MapWeight!$D$60:$D$62, MapWeight!$D$64:$D$66, MapWeight!$D$68:$D$70, MapWeight!$D$72:$D$74, MapWeight!$D$76:$D$78, MapWeight!$D$80:$D$82, MapWeight!$D$84:$D$86, MapWeight!$D$88:$D$90, MapWeight!$D$92:$D$94, MapWeight!$D$96:$D$98, MapWeight!$D$100:$D$102, MapWeight!$D$104:$D$106, MapWeight!$D$108:$D$110, MapWeight!$D$112:$D$114, MapWeight!$D$116:$D$118) / MapWeight!$D$6), "")} -> 80.826923 | E7: {=IF(MapWeight!$E$6<>0, SUMPRODUCT(TRANSPOSE(CLO_Attainments!C7:CH7), VSTACK(MapWeight!$E$8:$E$10, MapWeight!$E$12:$E$14, MapWeight!$E$16:$E$18, MapWeight!$E$20:$E$22, MapWeight!$E$24:$E$26, MapWeight!$E$28:$E$30, MapWeight!$E$32:$E$34, MapWeight!$E$36:$E$38, MapWeight!$E$40:$E$42, MapWeight!$E$44:$E$46, MapWeight!$E$48:$E$50, MapWeight!$E$52:$E$54, MapWeight!$E$56:$E$58, MapWeight!$E$60:$E$62, MapWeight!$E$64:$E$66, MapWeight!$E$68:$E$70, MapWeight!$E$72:$E$74, MapWeight!$E$76:$E$78, MapWeight!$E$80:$E$82, MapWeight!$E$84:$E$86, MapWeight!$E$88:$E$90, MapWeight!$E$92:$E$94, MapWeight!$E$96:$E$98, MapWeight!$E$100:$E$102, MapWeight!$E$104:$E$106, MapWeight!$E$108:$E$110, MapWeight!$E$112:$E$114, MapWeight!$E$116:$E$118) / MapWeight!$E$6), "")} -> 80.714286 | F7: {=IF(MapWeight!$F$6<>0, SUMPRODUCT(TRANSPOSE(CLO_Attainments!C7:CH7), VSTACK(MapWeight!$F$8:$F$10, MapWeight!$F$12:$F$14, MapWeight!$F$16:$F$18, MapWeight!$F$20:$F$22, MapWeight!$F$24:$F$26, MapWeight!$F$28:$F$30, MapWeight!$F$32:$F$34, MapWeight!$F$36:$F$38, MapWeight!$F$40:$F$42, MapWeight!$F$44:$F$46, MapWeight!$F$48:$F$50, MapWeight!$F$52:$F$54, MapWeight!$F$56:$F$58, MapWeight!$F$60:$F$62, MapWeight!$F$64:$F$66, MapWeight!$F$68:$F$70, MapWeight!$F$72:$F$74, MapWeight!$F$76:$F$78, MapWeight!$F$80:$F$82, MapWeight!$F$84:$F$86, MapWeight!$F$88:$F$90, MapWeight!$F$92:$F$94, MapWeight!$F$96:$F$98, MapWeight!$F$100:$F$102, MapWeight!$F$104:$F$106, MapWeight!$F$108:$F$110, MapWeight!$F$112:$F$114, MapWeight!$F$116:$F$118) / MapWeight!$F$6), "")} -> 78.829787 | G7: {=IF(MapWeight!$G$6<>0, SUMPRODUCT(TRANSPOSE(CLO_Attainments!C7:CH7), VSTACK(MapWeight!$G$8:$G$10, MapWeight!$G$12:$G$14, MapWeight!$G$16:$G$18, MapWeight!$G$20:$G$22, MapWeight!$G$24:$G$26, MapWeight!$G$28:$G$30, MapWeight!$G$32:$G$34, MapWeight!$G$36:$G$38, MapWeight!$G$40:$G$42, MapWeight!$G$44:$G$46, MapWeight!$G$48:$G$50, MapWeight!$G$52:$G$54, MapWeight!$G$56:$G$58, MapWeight!$G$60:$G$62, MapWeight!$G$64:$G$66, MapWeight!$G$68:$G$70, MapWeight!$G$72:$G$74, MapWeight!$G$76:$G$78, MapWeight!$G$80:$G$82, MapWeight!$G$84:$G$86, MapWeight!$G$88:$G$90, MapWeight!$G$92:$G$94, MapWeight!$G$96:$G$98, MapWeight!$G$100:$G$102, MapWeight!$G$104:$G$106, MapWeight!$G$108:$G$110, MapWeight!$G$112:$G$114, MapWeight!$G$116:$G$118) / MapWeight!$G$6), "")} -> 79.326923 | H7: {=IF(MapWeight!$H$6<>0, SUMPRODUCT(TRANSPOSE(CLO_Attainments!C7:CH7), VSTACK(MapWeight!$H$8:$H$10, MapWeight!$H$12:$H$14, MapWeight!$H$16:$H$18, MapWeight!$H$20:$H$22, MapWeight!$H$24:$H$26, MapWeight!$H$28:$H$30, MapWeight!$H$32:$H$34, MapWeight!$H$36:$H$38, MapWeight!$H$40:$H$42, MapWeight!$H$44:$H$46, MapWeight!$H$48:$H$50, MapWeight!$H$52:$H$54, MapWeight!$H$56:$H$58, MapWeight!$H$60:$H$62, MapWeight!$H$64:$H$66, MapWeight!$H$68:$H$70, MapWeight!$H$72:$H$74, MapWeight!$H$76:$H$78, MapWeight!$H$80:$H$82, MapWeight!$H$84:$H$86, MapWeight!$H$88:$H$90, MapWeight!$H$92:$H$94, MapWeight!$H$96:$H$98, MapWeight!$H$100:$H$102, MapWeight!$H$104:$H$106, MapWeight!$H$108:$H$110, MapWeight!$H$112:$H$114, MapWeight!$H$116:$H$118) / MapWeight!$H$6), "")} -> 79.9 | I7: {=IF(MapWeight!$I$6<>0, SUMPRODUCT(TRANSPOSE(CLO_Attainments!C7:CH7), VSTACK(MapWeight!$I$8:$I$10, MapWeight!$I$12:$I$14, MapWeight!$I$16:$I$18, MapWeight!$I$20:$I$22, MapWeight!$I$24:$I$26, MapWeight!$I$28:$I$30, MapWeight!$I$32:$I$34, MapWeight!$I$36:$I$38, MapWeight!$I$40:$I$42, MapWeight!$I$44:$I$46, MapWeight!$I$48:$I$50, MapWeight!$I$52:$I$54, MapWeight!$I$56:$I$58, MapWeight!$I$60:$I$62, MapWeight!$I$64:$I$66, MapWeight!$I$68:$I$70, MapWeight!$I$72:$I$74, MapWeight!$I$76:$I$78, MapWeight!$I$80:$I$82, MapWeight!$I$84:$I$86, MapWeight!$I$88:$I$90, MapWeight!$I$92:$I$94, MapWeight!$I$96:$I$98, MapWeight!$I$100:$I$102, MapWeight!$I$104:$I$106, MapWeight!$I$108:$I$110, MapWeight!$I$112:$I$114, MapWeight!$I$116:$I$118) / MapWeight!$I$6), "")} -> 80.05 | J7: {=IF(MapWeight!$J$6<>0, SUMPRODUCT(TRANSPOSE(CLO_Attainments!C7:CH7), VSTACK(MapWeight!$J$8:$J$10, MapWeight!$J$12:$J$14, MapWeight!$J$16:$J$18, MapWeight!$J$20:$J$22, MapWeight!$J$24:$J$26, MapWeight!$J$28:$J$30, MapWeight!$J$32:$J$34, MapWeight!$J$36:$J$38, MapWeight!$J$40:$J$42, MapWeight!$J$44:$J$46, MapWeight!$J$48:$J$50, MapWeight!$J$52:$J$54, MapWeight!$J$56:$J$58, MapWeight!$J$60:$J$62, MapWeight!$J$64:$J$66, MapWeight!$J$68:$J$70, MapWeight!$J$72:$J$74, MapWeight!$J$76:$J$78, MapWeight!$J$80:$J$82, MapWeight!$J$84:$J$86, MapWeight!$J$88:$J$90, MapWeight!$J$92:$J$94, MapWeight!$J$96:$J$98, MapWeight!$J$100:$J$102, MapWeight!$J$104:$J$106, MapWeight!$J$108:$J$110, MapWeight!$J$112:$J$114, MapWeight!$J$116:$J$118) / MapWeight!$J$6), "")} -> 79.861111 | K7: {=IF(MapWeight!$K$6<>0, SUMPRODUCT(TRANSPOSE(CLO_Attainments!C7:CH7), VSTACK(MapWeight!$K$8:$K$10, MapWeight!$K$12:$K$14, MapWeight!$K$16:$K$18, MapWeight!$K$20:$K$22, MapWeight!$K$24:$K$26, MapWeight!$K$28:$K$30, MapWeight!$K$32:$K$34, MapWeight!$K$36:$K$38, MapWeight!$K$40:$K$42, MapWeight!$K$44:$K$46, MapWeight!$K$48:$K$50, MapWeight!$K$52:$K$54, MapWeight!$K$56:$K$58, MapWeight!$K$60:$K$62, MapWeight!$K$64:$K$66, MapWeight!$K$68:$K$70, MapWeight!$K$72:$K$74, MapWeight!$K$76:$K$78, MapWeight!$K$80:$K$82, MapWeight!$K$84:$K$86, MapWeight!$K$88:$K$90, MapWeight!$K$92:$K$94, MapWeight!$K$96:$K$98, MapWeight!$K$100:$K$102, MapWeight!$K$104:$K$106, MapWeight!$K$108:$K$110, MapWeight!$K$112:$K$114, MapWeight!$K$116:$K$118) / MapWeight!$K$6), "")} -> 80.428571 | L7: {=IF(MapWeight!$L$6<>0, SUMPRODUCT(TRANSPOSE(CLO_Attainments!C7:CH7), VSTACK(MapWeight!$L$8:$L$10, MapWeight!$L$12:$L$14, MapWeight!$L$16:$L$18, MapWeight!$L$20:$L$22, MapWeight!$L$24:$L$26, MapWeight!$L$28:$L$30, MapWeight!$L$32:$L$34, MapWeight!$L$36:$L$38, MapWeight!$L$40:$L$42, MapWeight!$L$44:$L$46, MapWeight!$L$48:$L$50, MapWeight!$L$52:$L$54, MapWeight!$L$56:$L$58, MapWeight!$L$60:$L$62, MapWeight!$L$64:$L$66, MapWeight!$L$68:$L$70, MapWeight!$L$72:$L$74, MapWeight!$L$76:$L$78, MapWeight!$L$80:$L$82, MapWeight!$L$84:$L$86, MapWeight!$L$88:$L$90, MapWeight!$L$92:$L$94, MapWeight!$L$96:$L$98, MapWeight!$L$100:$L$102, MapWeight!$L$104:$L$106, MapWeight!$L$108:$L$110, MapWeight!$L$112:$L$114, MapWeight!$L$116:$L$118) / MapWeight!$L$6), "")} -> 82.290323 | M7: {=IF(MapWeight!$M$6<>0, SUMPRODUCT(TRANSPOSE(CLO_Attainments!C7:CH7), VSTACK(MapWeight!$M$8:$M$10, MapWeight!$M$12:$M$14, MapWeight!$M$16:$M$18, MapWeight!$M$20:$M$22, MapWeight!$M$24:$M$26, MapWeight!$M$28:$M$30, MapWeight!$M$32:$M$34, MapWeight!$M$36:$M$38, MapWeight!$M$40:$M$42, MapWeight!$M$44:$M$46, MapWeight!$M$48:$M$50, MapWeight!$M$52:$M$54, MapWeight!$M$56:$M$58, MapWeight!$M$60:$M$62, MapWeight!$M$64:$M$66, MapWeight!$M$68:$M$70, MapWeight!$M$72:$M$74, MapWeight!$M$76:$M$78, MapWeight!$M$80:$M$82, MapWeight!$M$84:$M$86, MapWeight!$M$88:$M$90, MapWeight!$M$92:$M$94, MapWeight!$M$96:$M$98, MapWeight!$M$100:$M$102, MapWeight!$M$104:$M$106, MapWeight!$M$108:$M$110, MapWeight!$M$112:$M$114, MapWeight!$M$116:$M$118) / MapWeight!$M$6), "")} -> 80.945946
A8: 2050-9118 | B8: José Manuel Campos | C8: {=IF(MapWeight!$C$6<>0, SUMPRODUCT(TRANSPOSE(CLO_Attainments!C8:CH8), VSTACK(MapWeight!$C$8:$C$10, MapWeight!$C$12:$C$14, MapWeight!$C$16:$C$18, MapWeight!$C$20:$C$22, MapWeight!$C$24:$C$26, MapWeight!$C$28:$C$30, MapWeight!$C$32:$C$34, MapWeight!$C$36:$C$38, MapWeight!$C$40:$C$42, MapWeight!$C$44:$C$46, MapWeight!$C$48:$C$50, MapWeight!$C$52:$C$54, MapWeight!$C$56:$C$58, MapWeight!$C$60:$C$62, MapWeight!$C$64:$C$66, MapWeight!$C$68:$C$70, MapWeight!$C$72:$C$74, MapWeight!$C$76:$C$78, MapWeight!$C$80:$C$82, MapWeight!$C$84:$C$86, MapWeight!$C$88:$C$90, MapWeight!$C$92:$C$94, MapWeight!$C$96:$C$98, MapWeight!$C$100:$C$102, MapWeight!$C$104:$C$106, MapWeight!$C$108:$C$110, MapWeight!$C$112:$C$114, MapWeight!$C$116:$C$118) / MapWeight!$C$6), "")} -> 77 | D8: {=IF(MapWeight!$D$6<>0, SUMPRODUCT(TRANSPOSE(CLO_Attainments!C8:CH8), VSTACK(MapWeight!$D$8:$D$10, MapWeight!$D$12:$D$14, MapWeight!$D$16:$D$18, MapWeight!$D$20:$D$22, MapWeight!$D$24:$D$26, MapWeight!$D$28:$D$30, MapWeight!$D$32:$D$34, MapWeight!$D$36:$D$38, MapWeight!$D$40:$D$42, MapWeight!$D$44:$D$46, MapWeight!$D$48:$D$50, MapWeight!$D$52:$D$54, MapWeight!$D$56:$D$58, MapWeight!$D$60:$D$62, MapWeight!$D$64:$D$66, MapWeight!$D$68:$D$70, MapWeight!$D$72:$D$74, MapWeight!$D$76:$D$78, MapWeight!$D$80:$D$82, MapWeight!$D$84:$D$86, MapWeight!$D$88:$D$90, MapWeight!$D$92:$D$94, MapWeight!$D$96:$D$98, MapWeight!$D$100:$D$102, MapWeight!$D$104:$D$106, MapWeight!$D$108:$D$110, MapWeight!$D$112:$D$114, MapWeight!$D$116:$D$118) / MapWeight!$D$6), "")} -> 78.557692 | E8: {=IF(MapWeight!$E$6<>0, SUMPRODUCT(TRANSPOSE(CLO_Attainments!C8:CH8), VSTACK(MapWeight!$E$8:$E$10, MapWeight!$E$12:$E$14, MapWeight!$E$16:$E$18, MapWeight!$E$20:$E$22, MapWeight!$E$24:$E$26, MapWeight!$E$28:$E$30, MapWeight!$E$32:$E$34, MapWeight!$E$36:$E$38, MapWeight!$E$40:$E$42, MapWeight!$E$44:$E$46, MapWeight!$E$48:$E$50, MapWeight!$E$52:$E$54, MapWeight!$E$56:$E$58, MapWeight!$E$60:$E$62, MapWeight!$E$64:$E$66, MapWeight!$E$68:$E$70, MapWeight!$E$72:$E$74, MapWeight!$E$76:$E$78, MapWeight!$E$80:$E$82, MapWeight!$E$84:$E$86, MapWeight!$E$88:$E$90, MapWeight!$E$92:$E$94, MapWeight!$E$96:$E$98, MapWeight!$E$100:$E$102, MapWeight!$E$104:$E$106, MapWeight!$E$108:$E$110, MapWeight!$E$112:$E$114, MapWeight!$E$116:$E$118) / MapWeight!$E$6), "")} -> 75.828571 | F8: {=IF(MapWeight!$F$6<>0, SUMPRODUCT(TRANSPOSE(CLO_Attainments!C8:CH8), VSTACK(MapWeight!$F$8:$F$10, MapWeight!$F$12:$F$14, MapWeight!$F$16:$F$18, MapWeight!$F$20:$F$22, MapWeight!$F$24:$F$26, MapWeight!$F$28:$F$30, MapWeight!$F$32:$F$34, MapWeight!$F$36:$F$38, MapWeight!$F$40:$F$42, MapWeight!$F$44:$F$46, MapWeight!$F$48:$F$50, MapWeight!$F$52:$F$54, MapWeight!$F$56:$F$58, MapWeight!$F$60:$F$62, MapWeight!$F$64:$F$66, MapWeight!$F$68:$F$70, MapWeight!$F$72:$F$74, MapWeight!$F$76:$F$78, MapWeight!$F$80:$F$82, MapWeight!$F$84:$F$86, MapWeight!$F$88:$F$90, MapWeight!$F$92:$F$94, MapWeight!$F$96:$F$98, MapWeight!$F$100:$F$102, MapWeight!$F$104:$F$106, MapWeight!$F$108:$F$110, MapWeight!$F$112:$F$114, MapWeight!$F$116:$F$118) / MapWeight!$F$6), "")} -> 75.680851 | G8: {=IF(MapWeight!$G$6<>0, SUMPRODUCT(TRANSPOSE(CLO_Attainments!C8:CH8), VSTACK(MapWeight!$G$8:$G$10, MapWeight!$G$12:$G$14, MapWeight!$G$16:$G$18, MapWeight!$G$20:$G$22, MapWeight!$G$24:$G$26, MapWeight!$G$28:$G$30, MapWeight!$G$32:$G$34, MapWeight!$G$36:$G$38, MapWeight!$G$40:$G$42, MapWeight!$G$44:$G$46, MapWeight!$G$48:$G$50, MapWeight!$G$52:$G$54, MapWeight!$G$56:$G$58, MapWeight!$G$60:$G$62, MapWeight!$G$64:$G$66, MapWeight!$G$68:$G$70, MapWeight!$G$72:$G$74, MapWeight!$G$76:$G$78, MapWeight!$G$80:$G$82, MapWeight!$G$84:$G$86, MapWeight!$G$88:$G$90, MapWeight!$G$92:$G$94, MapWeight!$G$96:$G$98, MapWeight!$G$100:$G$102, MapWeight!$G$104:$G$106, MapWeight!$G$108:$G$110, MapWeight!$G$112:$G$114, MapWeight!$G$116:$G$118) / MapWeight!$G$6), "")} -> 79.461538 | H8: {=IF(MapWeight!$H$6<>0, SUMPRODUCT(TRANSPOSE(CLO_Attainments!C8:CH8), VSTACK(MapWeight!$H$8:$H$10, MapWeight!$H$12:$H$14, MapWeight!$H$16:$H$18, MapWeight!$H$20:$H$22, MapWeight!$H$24:$H$26, MapWeight!$H$28:$H$30, MapWeight!$H$32:$H$34, MapWeight!$H$36:$H$38, MapWeight!$H$40:$H$42, MapWeight!$H$44:$H$46, MapWeight!$H$48:$H$50, MapWeight!$H$52:$H$54, MapWeight!$H$56:$H$58, MapWeight!$H$60:$H$62, MapWeight!$H$64:$H$66, MapWeight!$H$68:$H$70, MapWeight!$H$72:$H$74, MapWeight!$H$76:$H$78, MapWeight!$H$80:$H$82, MapWeight!$H$84:$H$86, MapWeight!$H$88:$H$90, MapWeight!$H$92:$H$94, MapWeight!$H$96:$H$98, MapWeight!$H$100:$H$102, MapWeight!$H$104:$H$106, MapWeight!$H$108:$H$110, MapWeight!$H$112:$H$114, MapWeight!$H$116:$H$118) / MapWeight!$H$6), "")} -> 76.516667 | I8: {=IF(MapWeight!$I$6<>0, SUMPRODUCT(TRANSPOSE(CLO_Attainments!C8:CH8), VSTACK(MapWeight!$I$8:$I$10, MapWeight!$I$12:$I$14, MapWeight!$I$16:$I$18, MapWeight!$I$20:$I$22, MapWeight!$I$24:$I$26, MapWeight!$I$28:$I$30, MapWeight!$I$32:$I$34, MapWeight!$I$36:$I$38, MapWeight!$I$40:$I$42, MapWeight!$I$44:$I$46, MapWeight!$I$48:$I$50, MapWeight!$I$52:$I$54, MapWeight!$I$56:$I$58, MapWeight!$I$60:$I$62, MapWeight!$I$64:$I$66, MapWeight!$I$68:$I$70, MapWeight!$I$72:$I$74, MapWeight!$I$76:$I$78, MapWeight!$I$80:$I$82, MapWeight!$I$84:$I$86, MapWeight!$I$88:$I$90, MapWeight!$I$92:$I$94, MapWeight!$I$96:$I$98, MapWeight!$I$100:$I$102, MapWeight!$I$104:$I$106, MapWeight!$I$108:$I$110, MapWeight!$I$112:$I$114, MapWeight!$I$116:$I$118) / MapWeight!$I$6), "")} -> 77.25 | J8: {=IF(MapWeight!$J$6<>0, SUMPRODUCT(TRANSPOSE(CLO_Attainments!C8:CH8), VSTACK(MapWeight!$J$8:$J$10, MapWeight!$J$12:$J$14, MapWeight!$J$16:$J$18, MapWeight!$J$20:$J$22, MapWeight!$J$24:$J$26, MapWeight!$J$28:$J$30, MapWeight!$J$32:$J$34, MapWeight!$J$36:$J$38, MapWeight!$J$40:$J$42, MapWeight!$J$44:$J$46, MapWeight!$J$48:$J$50, MapWeight!$J$52:$J$54, MapWeight!$J$56:$J$58, MapWeight!$J$60:$J$62, MapWeight!$J$64:$J$66, MapWeight!$J$68:$J$70, MapWeight!$J$72:$J$74, MapWeight!$J$76:$J$78, MapWeight!$J$80:$J$82, MapWeight!$J$84:$J$86, MapWeight!$J$88:$J$90, MapWeight!$J$92:$J$94, MapWeight!$J$96:$J$98, MapWeight!$J$100:$J$102, MapWeight!$J$104:$J$106, MapWeight!$J$108:$J$110, MapWeight!$J$112:$J$114, MapWeight!$J$116:$J$118) / MapWeight!$J$6), "")} -> 77.083333 | K8: {=IF(MapWeight!$K$6<>0, SUMPRODUCT(TRANSPOSE(CLO_Attainments!C8:CH8), VSTACK(MapWeight!$K$8:$K$10, MapWeight!$K$12:$K$14, MapWeight!$K$16:$K$18, MapWeight!$K$20:$K$22, MapWeight!$K$24:$K$26, MapWeight!$K$28:$K$30, MapWeight!$K$32:$K$34, MapWeight!$K$36:$K$38, MapWeight!$K$40:$K$42, MapWeight!$K$44:$K$46, MapWeight!$K$48:$K$50, MapWeight!$K$52:$K$54, MapWeight!$K$56:$K$58, MapWeight!$K$60:$K$62, MapWeight!$K$64:$K$66, MapWeight!$K$68:$K$70, MapWeight!$K$72:$K$74, MapWeight!$K$76:$K$78, MapWeight!$K$80:$K$82, MapWeight!$K$84:$K$86, MapWeight!$K$88:$K$90, MapWeight!$K$92:$K$94, MapWeight!$K$96:$K$98, MapWeight!$K$100:$K$102, MapWeight!$K$104:$K$106, MapWeight!$K$108:$K$110, MapWeight!$K$112:$K$114, MapWeight!$K$116:$K$118) / MapWeight!$K$6), "")} -> 79.742857 | L8: {=IF(MapWeight!$L$6<>0, SUMPRODUCT(TRANSPOSE(CLO_Attainments!C8:CH8), VSTACK(MapWeight!$L$8:$L$10, MapWeight!$L$12:$L$14, MapWeight!$L$16:$L$18, MapWeight!$L$20:$L$22, MapWeight!$L$24:$L$26, MapWeight!$L$28:$L$30, MapWeight!$L$32:$L$34, MapWeight!$L$36:$L$38, MapWeight!$L$40:$L$42, MapWeight!$L$44:$L$46, MapWeight!$L$48:$L$50, MapWeight!$L$52:$L$54, MapWeight!$L$56:$L$58, MapWeight!$L$60:$L$62, MapWeight!$L$64:$L$66, MapWeight!$L$68:$L$70, MapWeight!$L$72:$L$74, MapWeight!$L$76:$L$78, MapWeight!$L$80:$L$82, MapWeight!$L$84:$L$86, MapWeight!$L$88:$L$90, MapWeight!$L$92:$L$94, MapWeight!$L$96:$L$98, MapWeight!$L$100:$L$102, MapWeight!$L$104:$L$106, MapWeight!$L$108:$L$110, MapWeight!$L$112:$L$114, MapWeight!$L$116:$L$118) / MapWeight!$L$6), "")} -> 77.322581 | M8: {=IF(MapWeight!$M$6<>0, SUMPRODUCT(TRANSPOSE(CLO_Attainments!C8:CH8), VSTACK(MapWeight!$M$8:$M$10, MapWeight!$M$12:$M$14, MapWeight!$M$16:$M$18, MapWeight!$M$20:$M$22, MapWeight!$M$24:$M$26, MapWeight!$M$28:$M$30, MapWeight!$M$32:$M$34, MapWeight!$M$36:$M$38, MapWeight!$M$40:$M$42, MapWeight!$M$44:$M$46, MapWeight!$M$48:$M$50, MapWeight!$M$52:$M$54, MapWeight!$M$56:$M$58, MapWeight!$M$60:$M$62, MapWeight!$M$64:$M$66, MapWeight!$M$68:$M$70, MapWeight!$M$72:$M$74, MapWeight!$M$76:$M$78, MapWeight!$M$80:$M$82, MapWeight!$M$84:$M$86, MapWeight!$M$88:$M$90, MapWeight!$M$92:$M$94, MapWeight!$M$96:$M$98, MapWeight!$M$100:$M$102, MapWeight!$M$104:$M$106, MapWeight!$M$108:$M$110, MapWeight!$M$112:$M$114, MapWeight!$M$116:$M$118) / MapWeight!$M$6), "")} -> 76.702703
A9: 2050-3425 | B9: Gabriel Cervantes | C9: {=IF(MapWeight!$C$6<>0, SUMPRODUCT(TRANSPOSE(CLO_Attainments!C9:CH9), VSTACK(MapWeight!$C$8:$C$10, MapWeight!$C$12:$C$14, MapWeight!$C$16:$C$18, MapWeight!$C$20:$C$22, MapWeight!$C$24:$C$26, MapWeight!$C$28:$C$30, MapWeight!$C$32:$C$34, MapWeight!$C$36:$C$38, MapWeight!$C$40:$C$42, MapWeight!$C$44:$C$46, MapWeight!$C$48:$C$50, MapWeight!$C$52:$C$54, MapWeight!$C$56:$C$58, MapWeight!$C$60:$C$62, MapWeight!$C$64:$C$66, MapWeight!$C$68:$C$70, MapWeight!$C$72:$C$74, MapWeight!$C$76:$C$78, MapWeight!$C$80:$C$82, MapWeight!$C$84:$C$86, MapWeight!$C$88:$C$90, MapWeight!$C$92:$C$94, MapWeight!$C$96:$C$98, MapWeight!$C$100:$C$102, MapWeight!$C$104:$C$106, MapWeight!$C$108:$C$110, MapWeight!$C$112:$C$114, MapWeight!$C$116:$C$118) / MapWeight!$C$6), "")} -> 75.4375 | D9: {=IF(MapWeight!$D$6<>0, SUMPRODUCT(TRANSPOSE(CLO_Attainments!C9:CH9), VSTACK(MapWeight!$D$8:$D$10, MapWeight!$D$12:$D$14, MapWeight!$D$16:$D$18, MapWeight!$D$20:$D$22, MapWeight!$D$24:$D$26, MapWeight!$D$28:$D$30, MapWeight!$D$32:$D$34, MapWeight!$D$36:$D$38, MapWeight!$D$40:$D$42, MapWeight!$D$44:$D$46, MapWeight!$D$48:$D$50, MapWeight!$D$52:$D$54, MapWeight!$D$56:$D$58, MapWeight!$D$60:$D$62, MapWeight!$D$64:$D$66, MapWeight!$D$68:$D$70, MapWeight!$D$72:$D$74, MapWeight!$D$76:$D$78, MapWeight!$D$80:$D$82, MapWeight!$D$84:$D$86, MapWeight!$D$88:$D$90, MapWeight!$D$92:$D$94, MapWeight!$D$96:$D$98, MapWeight!$D$100:$D$102, MapWeight!$D$104:$D$106, MapWeight!$D$108:$D$110, MapWeight!$D$112:$D$114, MapWeight!$D$116:$D$118) / MapWeight!$D$6), "")} -> 78.057692 | E9: {=IF(MapWeight!$E$6<>0, SUMPRODUCT(TRANSPOSE(CLO_Attainments!C9:CH9), VSTACK(MapWeight!$E$8:$E$10, MapWeight!$E$12:$E$14, MapWeight!$E$16:$E$18, MapWeight!$E$20:$E$22, MapWeight!$E$24:$E$26, MapWeight!$E$28:$E$30, MapWeight!$E$32:$E$34, MapWeight!$E$36:$E$38, MapWeight!$E$40:$E$42, MapWeight!$E$44:$E$46, MapWeight!$E$48:$E$50, MapWeight!$E$52:$E$54, MapWeight!$E$56:$E$58, MapWeight!$E$60:$E$62, MapWeight!$E$64:$E$66, MapWeight!$E$68:$E$70, MapWeight!$E$72:$E$74, MapWeight!$E$76:$E$78, MapWeight!$E$80:$E$82, MapWeight!$E$84:$E$86, MapWeight!$E$88:$E$90, MapWeight!$E$92:$E$94, MapWeight!$E$96:$E$98, MapWeight!$E$100:$E$102, MapWeight!$E$104:$E$106, MapWeight!$E$108:$E$110, MapWeight!$E$112:$E$114, MapWeight!$E$116:$E$118) / MapWeight!$E$6), "")} -> 78.128571 | F9: {=IF(MapWeight!$F$6<>0, SUMPRODUCT(TRANSPOSE(CLO_Attainments!C9:CH9), VSTACK(MapWeight!$F$8:$F$10, MapWeight!$F$12:$F$14, MapWeight!$F$16:$F$18, MapWeight!$F$20:$F$22, MapWeight!$F$24:$F$26, MapWeight!$F$28:$F$30, MapWeight!$F$32:$F$34, MapWeight!$F$36:$F$38, MapWeight!$F$40:$F$42, MapWeight!$F$44:$F$46, MapWeight!$F$48:$F$50, MapWeight!$F$52:$F$54, MapWeight!$F$56:$F$58, MapWeight!$F$60:$F$62, MapWeight!$F$64:$F$66, MapWeight!$F$68:$F$70, MapWeight!$F$72:$F$74, MapWeight!$F$76:$F$78, MapWeight!$F$80:$F$82, MapWeight!$F$84:$F$86, MapWeight!$F$88:$F$90, MapWeight!$F$92:$F$94, MapWeight!$F$96:$F$98, MapWeight!$F$100:$F$102, MapWeight!$F$104:$F$106, MapWeight!$F$108:$F$110, MapWeight!$F$112:$F$114, MapWeight!$F$116:$F$118) / MapWeight!$F$6), "")} -> 77.06383 | G9: {=IF(MapWeight!$G$6<>0, SUMPRODUCT(TRANSPOSE(CLO_Attainments!C9:CH9), VSTACK(MapWeight!$G$8:$G$10, MapWeight!$G$12:$G$14, MapWeight!$G$16:$G$18, MapWeight!$G$20:$G$22, MapWeight!$G$24:$G$26, MapWeight!$G$28:$G$30, MapWeight!$G$32:$G$34, MapWeight!$G$36:$G$38, MapWeight!$G$40:$G$42, MapWeight!$G$44:$G$46, MapWeight!$G$48:$G$50, MapWeight!$G$52:$G$54, MapWeight!$G$56:$G$58, MapWeight!$G$60:$G$62, MapWeight!$G$64:$G$66, MapWeight!$G$68:$G$70, MapWeight!$G$72:$G$74, MapWeight!$G$76:$G$78, MapWeight!$G$80:$G$82, MapWeight!$G$84:$G$86, MapWeight!$G$88:$G$90, MapWeight!$G$92:$G$94, MapWeight!$G$96:$G$98, MapWeight!$G$100:$G$102, MapWeight!$G$104:$G$106, MapWeight!$G$108:$G$110, MapWeight!$G$112:$G$114, MapWeight!$G$116:$G$118) / MapWeight!$G$6), "")} -> 79.5 | H9: {=IF(MapWeight!$H$6<>0, SUMPRODUCT(TRANSPOSE(CLO_Attainments!C9:CH9), VSTACK(MapWeight!$H$8:$H$10, MapWeight!$H$12:$H$14, MapWeight!$H$16:$H$18, MapWeight!$H$20:$H$22, MapWeight!$H$24:$H$26, MapWeight!$H$28:$H$30, MapWeight!$H$32:$H$34, MapWeight!$H$36:$H$38, MapWeight!$H$40:$H$42, MapWeight!$H$44:$H$46, MapWeight!$H$48:$H$50, MapWeight!$H$52:$H$54, MapWeight!$H$56:$H$58, MapWeight!$H$60:$H$62, MapWeight!$H$64:$H$66, MapWeight!$H$68:$H$70, MapWeight!$H$72:$H$74, MapWeight!$H$76:$H$78, MapWeight!$H$80:$H$82, MapWeight!$H$84:$H$86, MapWeight!$H$88:$H$90, MapWeight!$H$92:$H$94, MapWeight!$H$96:$H$98, MapWeight!$H$100:$H$102, MapWeight!$H$104:$H$106, MapWeight!$H$108:$H$110, MapWeight!$H$112:$H$114, MapWeight!$H$116:$H$118) / MapWeight!$H$6), "")} -> 79.833333 | I9: {=IF(MapWeight!$I$6<>0, SUMPRODUCT(TRANSPOSE(CLO_Attainments!C9:CH9), VSTACK(MapWeight!$I$8:$I$10, MapWeight!$I$12:$I$14, MapWeight!$I$16:$I$18, MapWeight!$I$20:$I$22, MapWeight!$I$24:$I$26, MapWeight!$I$28:$I$30, MapWeight!$I$32:$I$34, MapWeight!$I$36:$I$38, MapWeight!$I$40:$I$42, MapWeight!$I$44:$I$46, MapWeight!$I$48:$I$50, MapWeight!$I$52:$I$54, MapWeight!$I$56:$I$58, MapWeight!$I$60:$I$62, MapWeight!$I$64:$I$66, MapWeight!$I$68:$I$70, MapWeight!$I$72:$I$74, MapWeight!$I$76:$I$78, MapWeight!$I$80:$I$82, MapWeight!$I$84:$I$86, MapWeight!$I$88:$I$90, MapWeight!$I$92:$I$94, MapWeight!$I$96:$I$98, MapWeight!$I$100:$I$102, MapWeight!$I$104:$I$106, MapWeight!$I$108:$I$110, MapWeight!$I$112:$I$114, MapWeight!$I$116:$I$118) / MapWeight!$I$6), "")} -> 79.6 | J9: {=IF(MapWeight!$J$6<>0, SUMPRODUCT(TRANSPOSE(CLO_Attainments!C9:CH9), VSTACK(MapWeight!$J$8:$J$10, MapWeight!$J$12:$J$14, MapWeight!$J$16:$J$18, MapWeight!$J$20:$J$22, MapWeight!$J$24:$J$26, MapWeight!$J$28:$J$30, MapWeight!$J$32:$J$34, MapWeight!$J$36:$J$38, MapWeight!$J$40:$J$42, MapWeight!$J$44:$J$46, MapWeight!$J$48:$J$50, MapWeight!$J$52:$J$54, MapWeight!$J$56:$J$58, MapWeight!$J$60:$J$62, MapWeight!$J$64:$J$66, MapWeight!$J$68:$J$70, MapWeight!$J$72:$J$74, MapWeight!$J$76:$J$78, MapWeight!$J$80:$J$82, MapWeight!$J$84:$J$86, MapWeight!$J$88:$J$90, MapWeight!$J$92:$J$94, MapWeight!$J$96:$J$98, MapWeight!$J$100:$J$102, MapWeight!$J$104:$J$106, MapWeight!$J$108:$J$110, MapWeight!$J$112:$J$114, MapWeight!$J$116:$J$118) / MapWeight!$J$6), "")} -> 80.861111 | K9: {=IF(MapWeight!$K$6<>0, SUMPRODUCT(TRANSPOSE(CLO_Attainments!C9:CH9), VSTACK(MapWeight!$K$8:$K$10, MapWeight!$K$12:$K$14, MapWeight!$K$16:$K$18, MapWeight!$K$20:$K$22, MapWeight!$K$24:$K$26, MapWeight!$K$28:$K$30, MapWeight!$K$32:$K$34, MapWeight!$K$36:$K$38, MapWeight!$K$40:$K$42, MapWeight!$K$44:$K$46, MapWeight!$K$48:$K$50, MapWeight!$K$52:$K$54, MapWeight!$K$56:$K$58, MapWeight!$K$60:$K$62, MapWeight!$K$64:$K$66, MapWeight!$K$68:$K$70, MapWeight!$K$72:$K$74, MapWeight!$K$76:$K$78, MapWeight!$K$80:$K$82, MapWeight!$K$84:$K$86, MapWeight!$K$88:$K$90, MapWeight!$K$92:$K$94, MapWeight!$K$96:$K$98, MapWeight!$K$100:$K$102, MapWeight!$K$104:$K$106, MapWeight!$K$108:$K$110, MapWeight!$K$112:$K$114, MapWeight!$K$116:$K$118) / MapWeight!$K$6), "")} -> 80.085714 | L9: {=IF(MapWeight!$L$6<>0, SUMPRODUCT(TRANSPOSE(CLO_Attainments!C9:CH9), VSTACK(MapWeight!$L$8:$L$10, MapWeight!$L$12:$L$14, MapWeight!$L$16:$L$18, MapWeight!$L$20:$L$22, MapWeight!$L$24:$L$26, MapWeight!$L$28:$L$30, MapWeight!$L$32:$L$34, MapWeight!$L$36:$L$38, MapWeight!$L$40:$L$42, MapWeight!$L$44:$L$46, MapWeight!$L$48:$L$50, MapWeight!$L$52:$L$54, MapWeight!$L$56:$L$58, MapWeight!$L$60:$L$62, MapWeight!$L$64:$L$66, MapWeight!$L$68:$L$70, MapWeight!$L$72:$L$74, MapWeight!$L$76:$L$78, MapWeight!$L$80:$L$82, MapWeight!$L$84:$L$86, MapWeight!$L$88:$L$90, MapWeight!$L$92:$L$94, MapWeight!$L$96:$L$98, MapWeight!$L$100:$L$102, MapWeight!$L$104:$L$106, MapWeight!$L$108:$L$110, MapWeight!$L$112:$L$114, MapWeight!$L$116:$L$118) / MapWeight!$L$6), "")} -> 80 | M9: {=IF(MapWeight!$M$6<>0, SUMPRODUCT(TRANSPOSE(CLO_Attainments!C9:CH9), VSTACK(MapWeight!$M$8:$M$10, MapWeight!$M$12:$M$14, MapWeight!$M$16:$M$18, MapWeight!$M$20:$M$22, MapWeight!$M$24:$M$26, MapWeight!$M$28:$M$30, MapWeight!$M$32:$M$34, MapWeight!$M$36:$M$38, MapWeight!$M$40:$M$42, MapWeight!$M$44:$M$46, MapWeight!$M$48:$M$50, MapWeight!$M$52:$M$54, MapWeight!$M$56:$M$58, MapWeight!$M$60:$M$62, MapWeight!$M$64:$M$66, MapWeight!$M$68:$M$70, MapWeight!$M$72:$M$74, MapWeight!$M$76:$M$78, MapWeight!$M$80:$M$82, MapWeight!$M$84:$M$86, MapWeight!$M$88:$M$90, MapWeight!$M$92:$M$94, MapWeight!$M$96:$M$98, MapWeight!$M$100:$M$102, MapWeight!$M$104:$M$106, MapWeight!$M$108:$M$110, MapWeight!$M$112:$M$114, MapWeight!$M$116:$M$118) / MapWeight!$M$6), "")} -> 80.783784
A10: 2050-6286 | B10: Mayra Muñoz | C10: {=IF(MapWeight!$C$6<>0, SUMPRODUCT(TRANSPOSE(CLO_Attainments!C10:CH10), VSTACK(MapWeight!$C$8:$C$10, MapWeight!$C$12:$C$14, MapWeight!$C$16:$C$18, MapWeight!$C$20:$C$22, MapWeight!$C$24:$C$26, MapWeight!$C$28:$C$30, MapWeight!$C$32:$C$34, MapWeight!$C$36:$C$38, MapWeight!$C$40:$C$42, MapWeight!$C$44:$C$46, MapWeight!$C$48:$C$50, MapWeight!$C$52:$C$54, MapWeight!$C$56:$C$58, MapWeight!$C$60:$C$62, MapWeight!$C$64:$C$66, MapWeight!$C$68:$C$70, MapWeight!$C$72:$C$74, MapWeight!$C$76:$C$78, MapWeight!$C$80:$C$82, MapWeight!$C$84:$C$86, MapWeight!$C$88:$C$90, MapWeight!$C$92:$C$94, MapWeight!$C$96:$C$98, MapWeight!$C$100:$C$102, MapWeight!$C$104:$C$106, MapWeight!$C$108:$C$110, MapWeight!$C$112:$C$114, MapWeight!$C$116:$C$118) / MapWeight!$C$6), "")} -> 83.458333 | D10: {=IF(MapWeight!$D$6<>0, SUMPRODUCT(TRANSPOSE(CLO_Attainments!C10:CH10), VSTACK(MapWeight!$D$8:$D$10, MapWeight!$D$12:$D$14, MapWeight!$D$16:$D$18, MapWeight!$D$20:$D$22, MapWeight!$D$24:$D$26, MapWeight!$D$28:$D$30, MapWeight!$D$32:$D$34, MapWeight!$D$36:$D$38, MapWeight!$D$40:$D$42, MapWeight!$D$44:$D$46, MapWeight!$D$48:$D$50, MapWeight!$D$52:$D$54, MapWeight!$D$56:$D$58, MapWeight!$D$60:$D$62, MapWeight!$D$64:$D$66, MapWeight!$D$68:$D$70, MapWeight!$D$72:$D$74, MapWeight!$D$76:$D$78, MapWeight!$D$80:$D$82, MapWeight!$D$84:$D$86, MapWeight!$D$88:$D$90, MapWeight!$D$92:$D$94, MapWeight!$D$96:$D$98, MapWeight!$D$100:$D$102, MapWeight!$D$104:$D$106, MapWeight!$D$108:$D$110, MapWeight!$D$112:$D$114, MapWeight!$D$116:$D$118) / MapWeight!$D$6), "")} -> 81.730769 | E10: {=IF(MapWeight!$E$6<>0, SUMPRODUCT(TRANSPOSE(CLO_Attainments!C10:CH10), VSTACK(MapWeight!$E$8:$E$10, MapWeight!$E$12:$E$14, MapWeight!$E$16:$E$18, MapWeight!$E$20:$E$22, MapWeight!$E$24:$E$26, MapWeight!$E$28:$E$30, MapWeight!$E$32:$E$34, MapWeight!$E$36:$E$38, MapWeight!$E$40:$E$42, MapWeight!$E$44:$E$46, MapWeight!$E$48:$E$50, MapWeight!$E$52:$E$54, MapWeight!$E$56:$E$58, MapWeight!$E$60:$E$62, MapWeight!$E$64:$E$66, MapWeight!$E$68:$E$70, MapWeight!$E$72:$E$74, MapWeight!$E$76:$E$78, MapWeight!$E$80:$E$82, MapWeight!$E$84:$E$86, MapWeight!$E$88:$E$90, MapWeight!$E$92:$E$94, MapWeight!$E$96:$E$98, MapWeight!$E$100:$E$102, MapWeight!$E$104:$E$106, MapWeight!$E$108:$E$110, MapWeight!$E$112:$E$114, MapWeight!$E$116:$E$118) / MapWeight!$E$6), "")} -> 82.442857 | F10: {=IF(MapWeight!$F$6<>0, SUMPRODUCT(TRANSPOSE(CLO_Attainments!C10:CH10), VSTACK(MapWeight!$F$8:$F$10, MapWeight!$F$12:$F$14, MapWeight!$F$16:$F$18, MapWeight!$F$20:$F$22, MapWeight!$F$24:$F$26, MapWeight!$F$28:$F$30, MapWeight!$F$32:$F$34, MapWeight!$F$36:$F$38, MapWeight!$F$40:$F$42, MapWeight!$F$44:$F$46, MapWeight!$F$48:$F$50, MapWeight!$F$52:$F$54, MapWeight!$F$56:$F$58, MapWeight!$F$60:$F$62, MapWeight!$F$64:$F$66, MapWeight!$F$68:$F$70, MapWeight!$F$72:$F$74, MapWeight!$F$76:$F$78, MapWeight!$F$80:$F$82, MapWeight!$F$84:$F$86, MapWeight!$F$88:$F$90, MapWeight!$F$92:$F$94, MapWeight!$F$96:$F$98, MapWeight!$F$100:$F$102, MapWeight!$F$104:$F$106, MapWeight!$F$108:$F$110, MapWeight!$F$112:$F$114, MapWeight!$F$116:$F$118) / MapWeight!$F$6), "")} -> 83.829787 | G10: {=IF(MapWeight!$G$6<>0, SUMPRODUCT(TRANSPOSE(CLO_Attainments!C10:CH10), VSTACK(MapWeight!$G$8:$G$10, MapWeight!$G$12:$G$14, MapWeight!$G$16:$G$18, MapWeight!$G$20:$G$22, MapWeight!$G$24:$G$26, MapWeight!$G$28:$G$30, MapWeight!$G$32:$G$34, MapWeight!$G$36:$G$38, MapWeight!$G$40:$G$42, MapWeight!$G$44:$G$46, MapWeight!$G$48:$G$50, MapWeight!$G$52:$G$54, MapWeight!$G$56:$G$58, MapWeight!$G$60:$G$62, MapWeight!$G$64:$G$66, MapWeight!$G$68:$G$70, MapWeight!$G$72:$G$74, MapWeight!$G$76:$G$78, MapWeight!$G$80:$G$82, MapWeight!$G$84:$G$86, MapWeight!$G$88:$G$90, MapWeight!$G$92:$G$94, MapWeight!$G$96:$G$98, MapWeight!$G$100:$G$102, MapWeight!$G$104:$G$106, MapWeight!$G$108:$G$110, MapWeight!$G$112:$G$114, MapWeight!$G$116:$G$118) / MapWeight!$G$6), "")} -> 83.634615 | H10: {=IF(MapWeight!$H$6<>0, SUMPRODUCT(TRANSPOSE(CLO_Attainments!C10:CH10), VSTACK(MapWeight!$H$8:$H$10, MapWeight!$H$12:$H$14, MapWeight!$H$16:$H$18, MapWeight!$H$20:$H$22, MapWeight!$H$24:$H$26, MapWeight!$H$28:$H$30, MapWeight!$H$32:$H$34, MapWeight!$H$36:$H$38, MapWeight!$H$40:$H$42, MapWeight!$H$44:$H$46, MapWeight!$H$48:$H$50, MapWeight!$H$52:$H$54, MapWeight!$H$56:$H$58, MapWeight!$H$60:$H$62, MapWeight!$H$64:$H$66, MapWeight!$H$68:$H$70, MapWeight!$H$72:$H$74, MapWeight!$H$76:$H$78, MapWeight!$H$80:$H$82, MapWeight!$H$84:$H$86, MapWeight!$H$88:$H$90, MapWeight!$H$92:$H$94, MapWeight!$H$96:$H$98, MapWeight!$H$100:$H$102, MapWeight!$H$104:$H$106, MapWeight!$H$108:$H$110, MapWeight!$H$112:$H$114, MapWeight!$H$116:$H$118) / MapWeight!$H$6), "")} -> 80.783333 | I10: {=IF(MapWeight!$I$6<>0, SUMPRODUCT(TRANSPOSE(CLO_Attainments!C10:CH10), VSTACK(MapWeight!$I$8:$I$10, MapWeight!$I$12:$I$14, MapWeight!$I$16:$I$18, MapWeight!$I$20:$I$22, MapWeight!$I$24:$I$26, MapWeight!$I$28:$I$30, MapWeight!$I$32:$I$34, MapWeight!$I$36:$I$38, MapWeight!$I$40:$I$42, MapWeight!$I$44:$I$46, MapWeight!$I$48:$I$50, MapWeight!$I$52:$I$54, MapWeight!$I$56:$I$58, MapWeight!$I$60:$I$62, MapWeight!$I$64:$I$66, MapWeight!$I$68:$I$70, MapWeight!$I$72:$I$74, MapWeight!$I$76:$I$78, MapWeight!$I$80:$I$82, MapWeight!$I$84:$I$86, MapWeight!$I$88:$I$90, MapWeight!$I$92:$I$94, MapWeight!$I$96:$I$98, MapWeight!$I$100:$I$102, MapWeight!$I$104:$I$106, MapWeight!$I$108:$I$110, MapWeight!$I$112:$I$114, MapWeight!$I$116:$I$118) / MapWeight!$I$6), "")} -> 81.15 | J10: {=IF(MapWeight!$J$6<>0, SUMPRODUCT(TRANSPOSE(CLO_Attainments!C10:CH10), VSTACK(MapWeight!$J$8:$J$10, MapWeight!$J$12:$J$14, MapWeight!$J$16:$J$18, MapWeight!$J$20:$J$22, MapWeight!$J$24:$J$26, MapWeight!$J$28:$J$30, MapWeight!$J$32:$J$34, MapWeight!$J$36:$J$38, MapWeight!$J$40:$J$42, MapWeight!$J$44:$J$46, MapWeight!$J$48:$J$50, MapWeight!$J$52:$J$54, MapWeight!$J$56:$J$58, MapWeight!$J$60:$J$62, MapWeight!$J$64:$J$66, MapWeight!$J$68:$J$70, MapWeight!$J$72:$J$74, MapWeight!$J$76:$J$78, MapWeight!$J$80:$J$82, MapWeight!$J$84:$J$86, MapWeight!$J$88:$J$90, MapWeight!$J$92:$J$94, MapWeight!$J$96:$J$98, MapWeight!$J$100:$J$102, MapWeight!$J$104:$J$106, MapWeight!$J$108:$J$110, MapWeight!$J$112:$J$114, MapWeight!$J$116:$J$118) / MapWeight!$J$6), "")} -> 81.472222 | K10: {=IF(MapWeight!$K$6<>0, SUMPRODUCT(TRANSPOSE(CLO_Attainments!C10:CH10), VSTACK(MapWeight!$K$8:$K$10, MapWeight!$K$12:$K$14, MapWeight!$K$16:$K$18, MapWeight!$K$20:$K$22, MapWeight!$K$24:$K$26, MapWeight!$K$28:$K$30, MapWeight!$K$32:$K$34, MapWeight!$K$36:$K$38, MapWeight!$K$40:$K$42, MapWeight!$K$44:$K$46, MapWeight!$K$48:$K$50, MapWeight!$K$52:$K$54, MapWeight!$K$56:$K$58, MapWeight!$K$60:$K$62, MapWeight!$K$64:$K$66, MapWeight!$K$68:$K$70, MapWeight!$K$72:$K$74, MapWeight!$K$76:$K$78, MapWeight!$K$80:$K$82, MapWeight!$K$84:$K$86, MapWeight!$K$88:$K$90, MapWeight!$K$92:$K$94, MapWeight!$K$96:$K$98, MapWeight!$K$100:$K$102, MapWeight!$K$104:$K$106, MapWeight!$K$108:$K$110, MapWeight!$K$112:$K$114, MapWeight!$K$116:$K$118) / MapWeight!$K$6), "")} -> 83.742857 | L10: {=IF(MapWeight!$L$6<>0, SUMPRODUCT(TRANSPOSE(CLO_Attainments!C10:CH10), VSTACK(MapWeight!$L$8:$L$10, MapWeight!$L$12:$L$14, MapWeight!$L$16:$L$18, MapWeight!$L$20:$L$22, MapWeight!$L$24:$L$26, MapWeight!$L$28:$L$30, MapWeight!$L$32:$L$34, MapWeight!$L$36:$L$38, MapWeight!$L$40:$L$42, MapWeight!$L$44:$L$46, MapWeight!$L$48:$L$50, MapWeight!$L$52:$L$54, MapWeight!$L$56:$L$58, MapWeight!$L$60:$L$62, MapWeight!$L$64:$L$66, MapWeight!$L$68:$L$70, MapWeight!$L$72:$L$74, MapWeight!$L$76:$L$78, MapWeight!$L$80:$L$82, MapWeight!$L$84:$L$86, MapWeight!$L$88:$L$90, MapWeight!$L$92:$L$94, MapWeight!$L$96:$L$98, MapWeight!$L$100:$L$102, MapWeight!$L$104:$L$106, MapWeight!$L$108:$L$110, MapWeight!$L$112:$L$114, MapWeight!$L$116:$L$118) / MapWeight!$L$6), "")} -> 84.16129 | M10: {=IF(MapWeight!$M$6<>0, SUMPRODUCT(TRANSPOSE(CLO_Attainments!C10:CH10), VSTACK(MapWeight!$M$8:$M$10, MapWeight!$M$12:$M$14, MapWeight!$M$16:$M$18, MapWeight!$M$20:$M$22, MapWeight!$M$24:$M$26, MapWeight!$M$28:$M$30, MapWeight!$M$32:$M$34, MapWeight!$M$36:$M$38, MapWeight!$M$40:$M$42, MapWeight!$M$44:$M$46, MapWeight!$M$48:$M$50, MapWeight!$M$52:$M$54, MapWeight!$M$56:$M$58, MapWeight!$M$60:$M$62, MapWeight!$M$64:$M$66, MapWeight!$M$68:$M$70, MapWeight!$M$72:$M$74, MapWeight!$M$76:$M$78, MapWeight!$M$80:$M$82, MapWeight!$M$84:$M$86, MapWeight!$M$88:$M$90, MapWeight!$M$92:$M$94, MapWeight!$M$96:$M$98, MapWeight!$M$100:$M$102, MapWeight!$M$104:$M$106, MapWeight!$M$108:$M$110, MapWeight!$M$112:$M$114, MapWeight!$M$116:$M$118) / MapWeight!$M$6), "")} -> 83.945946
